{"v":"5.1.20","fr":15,"ip":33,"op":60,"w":851,"h":851,"nm":"elephant","ddd":0,"assets":[],"layers":[{"ddd":0,"ind":1,"ty":4,"nm":"eye1 Outlines","parent":5,"sr":1,"ks":{"o":{"a":0,"k":100,"ix":11},"r":{"a":0,"k":0,"ix":10},"p":{"a":1,"k":[{"i":{"x":0.667,"y":0.667},"o":{"x":0.333,"y":0.333},"n":"0p667_0p667_0p333_0p333","t":0,"s":[293.551,140.687,0],"e":[293.551,140.687,0],"to":[0,0,0],"ti":[0,0,0]},{"i":{"x":0.667,"y":0.667},"o":{"x":0.333,"y":0.333},"n":"0p667_0p667_0p333_0p333","t":11,"s":[293.551,140.687,0],"e":[293.551,140.687,0],"to":[0,0,0],"ti":[0,0,0]},{"i":{"x":0.667,"y":0.667},"o":{"x":0.333,"y":0.333},"n":"0p667_0p667_0p333_0p333","t":22,"s":[293.551,140.687,0],"e":[293.551,140.687,0],"to":[0,0,0],"ti":[0,0,0]},{"t":33}],"ix":2},"a":{"a":0,"k":[22.943,27.94,0],"ix":1},"s":{"a":1,"k":[{"i":{"x":[0.667,0.667,0.667],"y":[1,1,1]},"o":{"x":[0.333,0.333,0.333],"y":[0,0,0]},"n":["0p667_1_0p333_0","0p667_1_0p333_0","0p667_1_0p333_0"],"t":13,"s":[100,100,100],"e":[0,0,100]},{"i":{"x":[0.667,0.667,0.667],"y":[1,1,1]},"o":{"x":[0.333,0.333,0.333],"y":[0,0,0]},"n":["0p667_1_0p333_0","0p667_1_0p333_0","0p667_1_0p333_0"],"t":15,"s":[0,0,100],"e":[0,0,100]},{"i":{"x":[0.667,0.667,0.667],"y":[1,1,1]},"o":{"x":[0.333,0.333,0.333],"y":[0,0,0]},"n":["0p667_1_0p333_0","0p667_1_0p333_0","0p667_1_0p333_0"],"t":16,"s":[0,0,100],"e":[100,100,100]},{"i":{"x":[0.667,0.667,0.667],"y":[1,1,1]},"o":{"x":[0.333,0.333,0.333],"y":[0,0,0]},"n":["0p667_1_0p333_0","0p667_1_0p333_0","0p667_1_0p333_0"],"t":18,"s":[100,100,100],"e":[100,100,100]},{"i":{"x":[0.667,0.667,0.667],"y":[1,1,1]},"o":{"x":[0.333,0.333,0.333],"y":[0,0,0]},"n":["0p667_1_0p333_0","0p667_1_0p333_0","0p667_1_0p333_0"],"t":32,"s":[100,100,100],"e":[120,120,100]},{"i":{"x":[0.667,0.667,0.667],"y":[1,1,1]},"o":{"x":[0.333,0.333,0.333],"y":[0,0,0]},"n":["0p667_1_0p333_0","0p667_1_0p333_0","0p667_1_0p333_0"],"t":37,"s":[120,120,100],"e":[120,120,100]},{"i":{"x":[0.667,0.667,0.667],"y":[1,1,1]},"o":{"x":[0.333,0.333,0.333],"y":[0,0,0]},"n":["0p667_1_0p333_0","0p667_1_0p333_0","0p667_1_0p333_0"],"t":38,"s":[120,120,100],"e":[100,100,100]},{"t":43}],"ix":6}},"ao":0,"shapes":[{"ty":"gr","it":[{"ind":0,"ty":"sh","ix":1,"ks":{"a":0,"k":{"i":[[0,-1.627],[1.628,0],[0,1.628],[-1.628,0]],"o":[[0,1.628],[-1.628,0],[0,-1.627],[1.628,0]],"v":[[2.948,0],[0,2.947],[-2.948,0],[0,-2.947]],"c":true},"ix":2},"nm":"Path 1","mn":"ADBE Vector Shape - Group","hd":false},{"ty":"fl","c":{"a":0,"k":[0.952999997606,0.944999964097,0.933000033509,1],"ix":4},"o":{"a":0,"k":100,"ix":5},"r":1,"nm":"Fill 1","mn":"ADBE Vector Graphic - Fill","hd":false},{"ty":"tr","p":{"a":0,"k":[13.595,31.22],"ix":2},"a":{"a":0,"k":[0,0],"ix":1},"s":{"a":0,"k":[100,100],"ix":3},"r":{"a":0,"k":0,"ix":6},"o":{"a":0,"k":100,"ix":7},"sk":{"a":0,"k":0,"ix":4},"sa":{"a":0,"k":0,"ix":5},"nm":"Transform"}],"nm":"Group 1","np":2,"cix":2,"ix":1,"mn":"ADBE Vector Group","hd":false},{"ty":"gr","it":[{"ind":0,"ty":"sh","ix":1,"ks":{"a":0,"k":{"i":[[0,0.837],[-0.838,0],[0,-0.837],[0.837,0]],"o":[[0,-0.837],[0.837,0],[0,0.837],[-0.838,0]],"v":[[-1.516,-0.001],[0,-1.517],[1.516,-0.001],[0,1.517]],"c":true},"ix":2},"nm":"Path 1","mn":"ADBE Vector Shape - Group","hd":false},{"ty":"fl","c":{"a":0,"k":[0.952999997606,0.944999964097,0.933000033509,1],"ix":4},"o":{"a":0,"k":100,"ix":5},"r":1,"nm":"Fill 1","mn":"ADBE Vector Graphic - Fill","hd":false},{"ty":"tr","p":{"a":0,"k":[25.27,40.249],"ix":2},"a":{"a":0,"k":[0,0],"ix":1},"s":{"a":0,"k":[100,100],"ix":3},"r":{"a":0,"k":0,"ix":6},"o":{"a":0,"k":100,"ix":7},"sk":{"a":0,"k":0,"ix":4},"sa":{"a":0,"k":0,"ix":5},"nm":"Transform"}],"nm":"Group 2","np":2,"cix":2,"ix":2,"mn":"ADBE Vector Group","hd":false},{"ty":"gr","it":[{"ind":0,"ty":"sh","ix":1,"ks":{"a":0,"k":{"i":[[0,-4.503],[4.503,0],[0,4.503],[-4.504,0]],"o":[[0,4.503],[-4.504,0],[0,-4.503],[4.503,0]],"v":[[8.155,0],[0,8.154],[-8.155,0],[0,-8.154]],"c":true},"ix":2},"nm":"Path 1","mn":"ADBE Vector Shape - Group","hd":false},{"ty":"fl","c":{"a":0,"k":[0.067000003889,0.075,0.081999999402,1],"ix":4},"o":{"a":0,"k":100,"ix":5},"r":1,"nm":"Fill 1","mn":"ADBE Vector Graphic - Fill","hd":false},{"ty":"tr","p":{"a":0,"k":[21.749,33.693],"ix":2},"a":{"a":0,"k":[0,0],"ix":1},"s":{"a":0,"k":[100,100],"ix":3},"r":{"a":0,"k":0,"ix":6},"o":{"a":0,"k":100,"ix":7},"sk":{"a":0,"k":0,"ix":4},"sa":{"a":0,"k":0,"ix":5},"nm":"Transform"}],"nm":"Group 3","np":2,"cix":2,"ix":3,"mn":"ADBE Vector Group","hd":false},{"ty":"gr","it":[{"ind":0,"ty":"sh","ix":1,"ks":{"a":0,"k":{"i":[[0,-7.759],[7.759,0],[0,7.758],[-7.759,0]],"o":[[0,7.758],[-7.759,0],[0,-7.759],[7.759,0]],"v":[[14.049,0],[0,14.048],[-14.049,0],[0,-14.048]],"c":true},"ix":2},"nm":"Path 1","mn":"ADBE Vector Shape - Group","hd":false},{"ty":"fl","c":{"a":0,"k":[0.105999995213,0.122000002394,0.13300000359,1],"ix":4},"o":{"a":0,"k":100,"ix":5},"r":1,"nm":"Fill 1","mn":"ADBE Vector Graphic - Fill","hd":false},{"ty":"tr","p":{"a":0,"k":[21.29,33.639],"ix":2},"a":{"a":0,"k":[0,0],"ix":1},"s":{"a":0,"k":[100,100],"ix":3},"r":{"a":0,"k":0,"ix":6},"o":{"a":0,"k":100,"ix":7},"sk":{"a":0,"k":0,"ix":4},"sa":{"a":0,"k":0,"ix":5},"nm":"Transform"}],"nm":"Group 4","np":2,"cix":2,"ix":4,"mn":"ADBE Vector Group","hd":false},{"ty":"gr","it":[{"ind":0,"ty":"sh","ix":1,"ks":{"a":0,"k":{"i":[[0,-14.354],[11.786,0],[0,14.354],[-11.787,0]],"o":[[0,14.354],[-11.787,0],[0,-14.354],[11.786,0]],"v":[[21.342,0],[0.001,25.989],[-21.342,0],[0.001,-25.989]],"c":true},"ix":2},"nm":"Path 1","mn":"ADBE Vector Shape - Group","hd":false},{"ty":"fl","c":{"a":0,"k":[0.952999997606,0.944999964097,0.933000033509,1],"ix":4},"o":{"a":0,"k":100,"ix":5},"r":1,"nm":"Fill 1","mn":"ADBE Vector Graphic - Fill","hd":false},{"ty":"tr","p":{"a":0,"k":[22.943,29.641],"ix":2},"a":{"a":0,"k":[0,0],"ix":1},"s":{"a":0,"k":[100,100],"ix":3},"r":{"a":0,"k":0,"ix":6},"o":{"a":0,"k":100,"ix":7},"sk":{"a":0,"k":0,"ix":4},"sa":{"a":0,"k":0,"ix":5},"nm":"Transform"}],"nm":"Group 5","np":2,"cix":2,"ix":5,"mn":"ADBE Vector Group","hd":false},{"ty":"gr","it":[{"ind":0,"ty":"sh","ix":1,"ks":{"a":0,"k":{"i":[[0,-15.263],[12.533,0],[0,15.263],[-12.534,0]],"o":[[0,15.263],[-12.534,0],[0,-15.263],[12.533,0]],"v":[[22.694,0],[0,27.636],[-22.694,0],[0,-27.636]],"c":true},"ix":2},"nm":"Path 1","mn":"ADBE Vector Shape - Group","hd":false},{"ty":"fl","c":{"a":0,"k":[0.105999995213,0.122000002394,0.13300000359,1],"ix":4},"o":{"a":0,"k":100,"ix":5},"r":1,"nm":"Fill 1","mn":"ADBE Vector Graphic - Fill","hd":false},{"ty":"tr","p":{"a":0,"k":[22.943,27.886],"ix":2},"a":{"a":0,"k":[0,0],"ix":1},"s":{"a":0,"k":[100,100],"ix":3},"r":{"a":0,"k":0,"ix":6},"o":{"a":0,"k":100,"ix":7},"sk":{"a":0,"k":0,"ix":4},"sa":{"a":0,"k":0,"ix":5},"nm":"Transform"}],"nm":"Group 6","np":2,"cix":2,"ix":6,"mn":"ADBE Vector Group","hd":false}],"ip":0,"op":713,"st":0,"bm":0},{"ddd":0,"ind":2,"ty":4,"nm":"eye2 Outlines","parent":5,"sr":1,"ks":{"o":{"a":0,"k":100,"ix":11},"r":{"a":0,"k":0,"ix":10},"p":{"a":1,"k":[{"i":{"x":0.667,"y":0.667},"o":{"x":0.333,"y":0.333},"n":"0p667_0p667_0p333_0p333","t":0,"s":[209.847,143.313,0],"e":[209.847,143.313,0],"to":[0,0,0],"ti":[0,0,0]},{"i":{"x":0.667,"y":0.667},"o":{"x":0.333,"y":0.333},"n":"0p667_0p667_0p333_0p333","t":11,"s":[209.847,143.313,0],"e":[209.847,143.313,0],"to":[0,0,0],"ti":[0,0,0]},{"i":{"x":0.667,"y":0.667},"o":{"x":0.333,"y":0.333},"n":"0p667_0p667_0p333_0p333","t":22,"s":[209.847,143.313,0],"e":[209.847,143.313,0],"to":[0,0,0],"ti":[0,0,0]},{"t":33}],"ix":2},"a":{"a":0,"k":[30.211,36.807,0],"ix":1},"s":{"a":1,"k":[{"i":{"x":[0.667,0.667,0.667],"y":[1,1,1]},"o":{"x":[0.333,0.333,0.333],"y":[0,0,0]},"n":["0p667_1_0p333_0","0p667_1_0p333_0","0p667_1_0p333_0"],"t":13,"s":[100,100,100],"e":[0,0,100]},{"i":{"x":[0.667,0.667,0.667],"y":[1,1,1]},"o":{"x":[0.333,0.333,0.333],"y":[0,0,0]},"n":["0p667_1_0p333_0","0p667_1_0p333_0","0p667_1_0p333_0"],"t":15,"s":[0,0,100],"e":[0,0,100]},{"i":{"x":[0.667,0.667,0.667],"y":[1,1,1]},"o":{"x":[0.333,0.333,0.333],"y":[0,0,0]},"n":["0p667_1_0p333_0","0p667_1_0p333_0","0p667_1_0p333_0"],"t":16,"s":[0,0,100],"e":[100,100,100]},{"i":{"x":[0.667,0.667,0.667],"y":[1,1,1]},"o":{"x":[0.333,0.333,0.333],"y":[0,0,0]},"n":["0p667_1_0p333_0","0p667_1_0p333_0","0p667_1_0p333_0"],"t":18,"s":[100,100,100],"e":[100,100,100]},{"i":{"x":[0.667,0.667,0.667],"y":[1,1,1]},"o":{"x":[0.333,0.333,0.333],"y":[0,0,0]},"n":["0p667_1_0p333_0","0p667_1_0p333_0","0p667_1_0p333_0"],"t":32,"s":[100,100,100],"e":[120,120,100]},{"i":{"x":[0.667,0.667,0.667],"y":[1,1,1]},"o":{"x":[0.333,0.333,0.333],"y":[0,0,0]},"n":["0p667_1_0p333_0","0p667_1_0p333_0","0p667_1_0p333_0"],"t":37,"s":[120,120,100],"e":[120,120,100]},{"i":{"x":[0.667,0.667,0.667],"y":[1,1,1]},"o":{"x":[0.333,0.333,0.333],"y":[0,0,0]},"n":["0p667_1_0p333_0","0p667_1_0p333_0","0p667_1_0p333_0"],"t":38,"s":[120,120,100],"e":[100,100,100]},{"t":43}],"ix":6}},"ao":0,"shapes":[{"ty":"gr","it":[{"ind":0,"ty":"sh","ix":1,"ks":{"a":0,"k":{"i":[[0,-1.816],[1.815,0],[0,1.816],[-1.816,0]],"o":[[0,1.816],[-1.816,0],[0,-1.816],[1.815,0]],"v":[[3.289,0],[0,3.289],[-3.289,0],[0,-3.289]],"c":true},"ix":2},"nm":"Path 1","mn":"ADBE Vector Shape - Group","hd":false},{"ty":"fl","c":{"a":0,"k":[0.952999997606,0.944999964097,0.933000033509,1],"ix":4},"o":{"a":0,"k":100,"ix":5},"r":1,"nm":"Fill 1","mn":"ADBE Vector Graphic - Fill","hd":false},{"ty":"tr","p":{"a":0,"k":[43.287,40.025],"ix":2},"a":{"a":0,"k":[0,0],"ix":1},"s":{"a":0,"k":[100,100],"ix":3},"r":{"a":0,"k":0,"ix":6},"o":{"a":0,"k":100,"ix":7},"sk":{"a":0,"k":0,"ix":4},"sa":{"a":0,"k":0,"ix":5},"nm":"Transform"}],"nm":"Group 1","np":2,"cix":2,"ix":1,"mn":"ADBE Vector Group","hd":false},{"ty":"gr","it":[{"ind":0,"ty":"sh","ix":1,"ks":{"a":0,"k":{"i":[[0,-0.833],[0.833,0],[0,0.833],[-0.832,0]],"o":[[0,0.833],[-0.832,0],[0,-0.833],[0.833,0]],"v":[[1.508,0],[0,1.508],[-1.508,0],[0,-1.508]],"c":true},"ix":2},"nm":"Path 1","mn":"ADBE Vector Shape - Group","hd":false},{"ty":"fl","c":{"a":0,"k":[0.952999997606,0.944999964097,0.933000033509,1],"ix":4},"o":{"a":0,"k":100,"ix":5},"r":1,"nm":"Fill 1","mn":"ADBE Vector Graphic - Fill","hd":false},{"ty":"tr","p":{"a":0,"k":[27.693,51.322],"ix":2},"a":{"a":0,"k":[0,0],"ix":1},"s":{"a":0,"k":[100,100],"ix":3},"r":{"a":0,"k":0,"ix":6},"o":{"a":0,"k":100,"ix":7},"sk":{"a":0,"k":0,"ix":4},"sa":{"a":0,"k":0,"ix":5},"nm":"Transform"}],"nm":"Group 2","np":2,"cix":2,"ix":2,"mn":"ADBE Vector Group","hd":false},{"ty":"gr","it":[{"ind":0,"ty":"sh","ix":1,"ks":{"a":0,"k":{"i":[[0,-5.945],[5.947,0],[0,5.946],[-5.945,0]],"o":[[0,5.946],[-5.945,0],[0,-5.945],[5.947,0]],"v":[[10.765,-0.001],[-0.001,10.766],[-10.765,-0.001],[-0.001,-10.766]],"c":true},"ix":2},"nm":"Path 1","mn":"ADBE Vector Shape - Group","hd":false},{"ty":"fl","c":{"a":0,"k":[0.067000003889,0.075,0.081999999402,1],"ix":4},"o":{"a":0,"k":100,"ix":5},"r":1,"nm":"Fill 1","mn":"ADBE Vector Graphic - Fill","hd":false},{"ty":"tr","p":{"a":0,"k":[35.81,44.332],"ix":2},"a":{"a":0,"k":[0,0],"ix":1},"s":{"a":0,"k":[100,100],"ix":3},"r":{"a":0,"k":0,"ix":6},"o":{"a":0,"k":100,"ix":7},"sk":{"a":0,"k":0,"ix":4},"sa":{"a":0,"k":0,"ix":5},"nm":"Transform"}],"nm":"Group 3","np":2,"cix":2,"ix":3,"mn":"ADBE Vector Group","hd":false},{"ty":"gr","it":[{"ind":0,"ty":"sh","ix":1,"ks":{"a":0,"k":{"i":[[0,-10.243],[10.243,0],[0,10.243],[-10.243,0]],"o":[[0,10.243],[-10.243,0],[0,-10.243],[10.243,0]],"v":[[18.547,0],[0,18.547],[-18.547,0],[0,-18.547]],"c":true},"ix":2},"nm":"Path 1","mn":"ADBE Vector Shape - Group","hd":false},{"ty":"fl","c":{"a":0,"k":[0.105999995213,0.122000002394,0.13300000359,1],"ix":4},"o":{"a":0,"k":100,"ix":5},"r":1,"nm":"Fill 1","mn":"ADBE Vector Graphic - Fill","hd":false},{"ty":"tr","p":{"a":0,"k":[35.204,44.26],"ix":2},"a":{"a":0,"k":[0,0],"ix":1},"s":{"a":0,"k":[100,100],"ix":3},"r":{"a":0,"k":0,"ix":6},"o":{"a":0,"k":100,"ix":7},"sk":{"a":0,"k":0,"ix":4},"sa":{"a":0,"k":0,"ix":5},"nm":"Transform"}],"nm":"Group 4","np":2,"cix":2,"ix":4,"mn":"ADBE Vector Group","hd":false},{"ty":"gr","it":[{"ind":0,"ty":"sh","ix":1,"ks":{"a":0,"k":{"i":[[0,-18.95],[15.561,0],[0,18.95],[-15.561,0]],"o":[[0,18.95],[-15.561,0],[0,-18.95],[15.561,0]],"v":[[28.176,0],[0,34.312],[-28.176,0],[0,-34.312]],"c":true},"ix":2},"nm":"Path 1","mn":"ADBE Vector Shape - Group","hd":false},{"ty":"fl","c":{"a":0,"k":[0.952999997606,0.944999964097,0.933000033509,1],"ix":4},"o":{"a":0,"k":100,"ix":5},"r":1,"nm":"Fill 1","mn":"ADBE Vector Graphic - Fill","hd":false},{"ty":"tr","p":{"a":0,"k":[30.21,39.052],"ix":2},"a":{"a":0,"k":[0,0],"ix":1},"s":{"a":0,"k":[100,100],"ix":3},"r":{"a":0,"k":0,"ix":6},"o":{"a":0,"k":100,"ix":7},"sk":{"a":0,"k":0,"ix":4},"sa":{"a":0,"k":0,"ix":5},"nm":"Transform"}],"nm":"Group 5","np":2,"cix":2,"ix":5,"mn":"ADBE Vector Group","hd":false},{"ty":"gr","it":[{"ind":0,"ty":"sh","ix":1,"ks":{"a":0,"k":{"i":[[0,-20.15],[16.547,0],[0,20.15],[-16.547,0]],"o":[[0,20.15],[-16.547,0],[0,-20.15],[16.547,0]],"v":[[29.961,0],[0,36.486],[-29.961,0],[0,-36.486]],"c":true},"ix":2},"nm":"Path 1","mn":"ADBE Vector Shape - Group","hd":false},{"ty":"fl","c":{"a":0,"k":[0.105999995213,0.122000002394,0.13300000359,1],"ix":4},"o":{"a":0,"k":100,"ix":5},"r":1,"nm":"Fill 1","mn":"ADBE Vector Graphic - Fill","hd":false},{"ty":"tr","p":{"a":0,"k":[30.21,36.736],"ix":2},"a":{"a":0,"k":[0,0],"ix":1},"s":{"a":0,"k":[100,100],"ix":3},"r":{"a":0,"k":0,"ix":6},"o":{"a":0,"k":100,"ix":7},"sk":{"a":0,"k":0,"ix":4},"sa":{"a":0,"k":0,"ix":5},"nm":"Transform"}],"nm":"Group 6","np":2,"cix":2,"ix":6,"mn":"ADBE Vector Group","hd":false}],"ip":0,"op":713,"st":0,"bm":0},{"ddd":0,"ind":3,"ty":4,"nm":"trunk","parent":5,"sr":1,"ks":{"o":{"a":0,"k":100,"ix":11},"r":{"a":0,"k":0,"ix":10},"p":{"a":1,"k":[{"i":{"x":0.667,"y":0.667},"o":{"x":0.333,"y":0.333},"n":"0p667_0p667_0p333_0p333","t":0,"s":[346.024,214.532,0],"e":[346.024,214.532,0],"to":[0,0,0],"ti":[0,0,0]},{"i":{"x":0.667,"y":0.667},"o":{"x":0.333,"y":0.333},"n":"0p667_0p667_0p333_0p333","t":11,"s":[346.024,214.532,0],"e":[346.024,214.532,0],"to":[0,0,0],"ti":[0,0,0]},{"i":{"x":0.667,"y":0.667},"o":{"x":0.333,"y":0.333},"n":"0p667_0p667_0p333_0p333","t":22,"s":[346.024,214.532,0],"e":[346.024,214.532,0],"to":[0,0,0],"ti":[0,0,0]},{"i":{"x":0.667,"y":1},"o":{"x":0.333,"y":0},"n":"0p667_1_0p333_0","t":33,"s":[346.024,214.532,0],"e":[368.62,217.605,0],"to":[3.76591563224792,0.51217597723007,0],"ti":[-1.18979120254517,-2.31563711166382,0]},{"i":{"x":0.667,"y":1},"o":{"x":0.333,"y":0},"n":"0p667_1_0p333_0","t":49,"s":[368.62,217.605,0],"e":[353.163,228.426,0],"to":[1.18979120254517,2.31563711166382,0],"ti":[5.96010780334473,2.16779541969299,0]},{"i":{"x":0.667,"y":1},"o":{"x":0.333,"y":0},"n":"0p667_1_0p333_0","t":53,"s":[353.163,228.426,0],"e":[332.859,204.598,0],"to":[-5.96010780334473,-2.16779541969299,0],"ti":[0.79026114940643,0.69756609201431,0]},{"i":{"x":0.667,"y":1},"o":{"x":0.333,"y":0},"n":"0p667_1_0p333_0","t":54,"s":[332.859,204.598,0],"e":[348.74,223.328,0],"to":[-0.43774479627609,-0.38639876246452,0],"ti":[-4.12009239196777,-5.15117883682251,0]},{"i":{"x":0.667,"y":1},"o":{"x":0.333,"y":0},"n":"0p667_1_0p333_0","t":57,"s":[348.74,223.328,0],"e":[348.422,224.24,0],"to":[3.31791496276855,4.14824962615967,0],"ti":[-1.15699660778046,-1.46031403541565,0]},{"t":60}],"ix":2},"a":{"a":0,"k":[124.682,75.721,0],"ix":1},"s":{"a":1,"k":[{"i":{"x":[0.667,0.667,0.667],"y":[1,1,1]},"o":{"x":[0.333,0.333,0.333],"y":[0,0,0]},"n":["0p667_1_0p333_0","0p667_1_0p333_0","0p667_1_0p333_0"],"t":45,"s":[100,100,100],"e":[124.303,100,100]},{"i":{"x":[0.667,0.667,0.667],"y":[1,1,1]},"o":{"x":[0.333,0.333,0.333],"y":[0,0,0]},"n":["0p667_1_0p333_0","0p667_1_0p333_0","0p667_1_0p333_0"],"t":49,"s":[124.303,100,100],"e":[124.303,100,100]},{"i":{"x":[0.667,0.667,0.667],"y":[1,1,1]},"o":{"x":[0.333,0.333,0.333],"y":[0,0,0]},"n":["0p667_1_0p333_0","0p667_1_0p333_0","0p667_1_0p333_0"],"t":50,"s":[124.303,100,100],"e":[100,100,100]},{"t":54}],"ix":6}},"ao":0,"shapes":[{"ty":"gr","it":[{"ind":0,"ty":"sh","ix":1,"ks":{"a":0,"k":{"i":[[4.229,-7.324],[-4.508,-2.603],[-4.228,7.325],[4.507,2.602]],"o":[[-4.229,7.324],[4.508,2.602],[4.229,-7.324],[-4.507,-2.603]],"v":[[-8.161,-4.712],[-7.657,13.262],[8.162,4.712],[7.657,-13.261]],"c":true},"ix":2},"nm":"Path 1","mn":"ADBE Vector Shape - Group","hd":false},{"ty":"fl","c":{"a":0,"k":[0.305999995213,0.395999983245,0.419999994016,1],"ix":4},"o":{"a":0,"k":100,"ix":5},"r":1,"nm":"Fill 1","mn":"ADBE Vector Graphic - Fill","hd":false},{"ty":"tr","p":{"a":0,"k":[232.012,77.547],"ix":2},"a":{"a":0,"k":[0,0],"ix":1},"s":{"a":0,"k":[100,100],"ix":3},"r":{"a":0,"k":0,"ix":6},"o":{"a":0,"k":100,"ix":7},"sk":{"a":0,"k":0,"ix":4},"sa":{"a":0,"k":0,"ix":5},"nm":"Transform"}],"nm":"Group 1","np":2,"cix":2,"ix":1,"mn":"ADBE Vector Group","hd":false},{"ty":"gr","it":[{"ind":0,"ty":"sh","ix":1,"ks":{"a":0,"k":{"i":[[2.663,20.925],[-37.404,-46.323],[-5.326,-8.044],[-35.762,-17.501],[-13.316,-0.761],[-3.424,-4.946],[19.783,-8.37],[89.406,-44.893]],"o":[[-0.145,-1.132],[0,0],[0,0],[35.763,17.501],[13.315,0.761],[3.424,4.946],[-19.783,8.37],[-89.406,44.893]],"v":[[-123.003,1.286],[-56.805,-26.867],[-37.022,-20.456],[52.004,-36.759],[96.137,-12.03],[118.964,-11.27],[103.365,20.307],[-3.161,28.298]],"c":true},"ix":2},"nm":"Path 1","mn":"ADBE Vector Shape - Group","hd":false},{"ty":"fl","c":{"a":0,"k":[0.388000009574,0.470999983245,0.510000011968,1],"ix":4},"o":{"a":0,"k":100,"ix":5},"r":1,"nm":"Fill 1","mn":"ADBE Vector Graphic - Fill","hd":false},{"ty":"tr","p":{"a":0,"k":[125.965,73.441],"ix":2},"a":{"a":0,"k":[0,0],"ix":1},"s":{"a":0,"k":[100,100],"ix":3},"r":{"a":0,"k":0,"ix":6},"o":{"a":0,"k":100,"ix":7},"sk":{"a":0,"k":0,"ix":4},"sa":{"a":0,"k":0,"ix":5},"nm":"Transform"}],"nm":"Group 2","np":2,"cix":2,"ix":2,"mn":"ADBE Vector Group","hd":false},{"ty":"gr","it":[{"ind":0,"ty":"sh","ix":1,"ks":{"a":0,"k":{"i":[[2.663,20.925],[-37.403,-46.322],[-5.327,-8.044],[-35.763,-17.501],[-13.316,-0.761],[-3.424,-4.946],[19.783,-8.37],[89.406,-44.893]],"o":[[-0.144,-1.132],[0,0],[0,0],[35.762,17.501],[13.316,0.761],[3.424,4.946],[-19.783,8.37],[-89.405,44.893]],"v":[[-123.003,1.285],[-56.805,-26.869],[-37.021,-20.455],[52.005,-36.76],[96.136,-12.031],[118.963,-11.27],[103.364,20.307],[-3.162,28.298]],"c":true},"ix":2},"nm":"Path 1","mn":"ADBE Vector Shape - Group","hd":false},{"ty":"fl","c":{"a":0,"k":[0.349000010771,0.438999998803,0.470999983245,1],"ix":4},"o":{"a":0,"k":100,"ix":5},"r":1,"nm":"Fill 1","mn":"ADBE Vector Graphic - Fill","hd":false},{"ty":"tr","p":{"a":0,"k":[123.397,78.002],"ix":2},"a":{"a":0,"k":[0,0],"ix":1},"s":{"a":0,"k":[100,100],"ix":3},"r":{"a":0,"k":0,"ix":6},"o":{"a":0,"k":100,"ix":7},"sk":{"a":0,"k":0,"ix":4},"sa":{"a":0,"k":0,"ix":5},"nm":"Transform"}],"nm":"Group 3","np":2,"cix":2,"ix":3,"mn":"ADBE Vector Group","hd":false},{"ty":"gr","it":[{"ind":0,"ty":"sh","ix":1,"ks":{"a":0,"k":{"i":[[0,0],[-16.654,10.937],[13.8,-1.595]],"o":[[0,0],[0,0],[-13.799,1.594]],"v":[[-20.943,-9.805],[20.943,-6.868],[1.452,8.211]],"c":true},"ix":2},"nm":"Path 1","mn":"ADBE Vector Shape - Group","hd":false},{"ty":"fl","c":{"a":0,"k":[0.556999954523,0.105999995213,0.246999987434,1],"ix":4},"o":{"a":0,"k":100,"ix":5},"r":1,"nm":"Fill 1","mn":"ADBE Vector Graphic - Fill","hd":false},{"ty":"tr","p":{"a":0,"k":[55.738,131.014],"ix":2},"a":{"a":0,"k":[0,0],"ix":1},"s":{"a":0,"k":[100,100],"ix":3},"r":{"a":0,"k":0,"ix":6},"o":{"a":0,"k":100,"ix":7},"sk":{"a":0,"k":0,"ix":4},"sa":{"a":0,"k":0,"ix":5},"nm":"Transform"}],"nm":"Group 4","np":2,"cix":2,"ix":4,"mn":"ADBE Vector Group","hd":false}],"ip":0,"op":713,"st":0,"bm":0},{"ddd":0,"ind":4,"ty":4,"nm":"ears","parent":5,"sr":1,"ks":{"o":{"a":0,"k":100,"ix":11},"r":{"a":0,"k":0,"ix":10},"p":{"a":1,"k":[{"i":{"x":0.667,"y":0.667},"o":{"x":0.333,"y":0.333},"n":"0p667_0p667_0p333_0p333","t":0,"s":[217.934,164.374,0],"e":[217.934,164.374,0],"to":[0,0,0],"ti":[0,0,0]},{"i":{"x":0.667,"y":0.667},"o":{"x":0.333,"y":0.333},"n":"0p667_0p667_0p333_0p333","t":11,"s":[217.934,164.374,0],"e":[217.934,164.374,0],"to":[0,0,0],"ti":[0,0,0]},{"i":{"x":0.667,"y":0.667},"o":{"x":0.333,"y":0.333},"n":"0p667_0p667_0p333_0p333","t":22,"s":[217.934,164.374,0],"e":[217.934,164.374,0],"to":[0,0,0],"ti":[0,0,0]},{"t":33}],"ix":2},"a":{"a":0,"k":[186.508,99.817,0],"ix":1},"s":{"a":0,"k":[100,100,100],"ix":6}},"ao":0,"shapes":[{"ty":"gr","it":[{"ind":0,"ty":"sh","ix":1,"ks":{"a":0,"k":{"i":[[-3.72,17.108],[-2.395,11.852],[-20.608,-19.32],[49.869,-15.974],[16.131,23.228]],"o":[[0.242,-1.115],[2.394,-11.851],[20.608,19.32],[-49.87,15.974],[-16.13,-23.227]],"v":[[-33.703,-49.433],[-29.572,-68.554],[6.458,-73.939],[0,77.285],[-23.945,11.614]],"c":true},"ix":2},"nm":"Path 1","mn":"ADBE Vector Shape - Group","hd":false},{"ty":"fl","c":{"a":0,"k":[0.948999980852,0.689999988032,0.791999966491,1],"ix":4},"o":{"a":0,"k":100,"ix":5},"r":1,"nm":"Fill 1","mn":"ADBE Vector Graphic - Fill","hd":false},{"ty":"tr","p":{"a":0,"k":[322.896,106.125],"ix":2},"a":{"a":0,"k":[0,0],"ix":1},"s":{"a":0,"k":[100,100],"ix":3},"r":{"a":0,"k":0,"ix":6},"o":{"a":0,"k":100,"ix":7},"sk":{"a":0,"k":0,"ix":4},"sa":{"a":0,"k":0,"ix":5},"nm":"Transform"}],"nm":"Group 1","np":2,"cix":2,"ix":1,"mn":"ADBE Vector Group","hd":false},{"ty":"gr","it":[{"ind":0,"ty":"sh","ix":1,"ks":{"a":0,"k":{"i":[[0,0],[7.609,19.023],[15.98,-19.784],[-12.045,-46.674],[-14.077,17.501],[-9.892,20.544]],"o":[[0,0],[-7.61,-19.022],[-15.978,19.783],[12.174,47.176],[14.077,-17.501],[0,0]],"v":[[45.579,-36.713],[24.274,-56.497],[-11.109,-73.617],[-33.535,21.115],[30.741,75.9],[35.687,-16.169]],"c":true},"ix":2},"nm":"Path 1","mn":"ADBE Vector Shape - Group","hd":false},{"ty":"fl","c":{"a":0,"k":[0.948999980852,0.689999988032,0.791999966491,1],"ix":4},"o":{"a":0,"k":100,"ix":5},"r":1,"nm":"Fill 1","mn":"ADBE Vector Graphic - Fill","hd":false},{"ty":"tr","p":{"a":0,"k":[45.829,93.651],"ix":2},"a":{"a":0,"k":[0,0],"ix":1},"s":{"a":0,"k":[100,100],"ix":3},"r":{"a":0,"k":0,"ix":6},"o":{"a":0,"k":100,"ix":7},"sk":{"a":0,"k":0,"ix":4},"sa":{"a":0,"k":0,"ix":5},"nm":"Transform"}],"nm":"Group 2","np":2,"cix":2,"ix":2,"mn":"ADBE Vector Group","hd":false}],"ip":0,"op":713,"st":0,"bm":0},{"ddd":0,"ind":5,"ty":4,"nm":"head","sr":1,"ks":{"o":{"a":0,"k":100,"ix":11},"r":{"a":1,"k":[{"i":{"x":[0.667],"y":[1]},"o":{"x":[0.333],"y":[0]},"n":["0p667_1_0p333_0"],"t":0,"s":[0],"e":[-23]},{"t":48}],"ix":10},"p":{"a":1,"k":[{"i":{"x":0.667,"y":1},"o":{"x":0.333,"y":0},"n":"0p667_1_0p333_0","t":0,"s":[439.537,288.4,0],"e":[439.537,306.4,0],"to":[0,3,0],"ti":[0,-2.33333325386047,0]},{"i":{"x":0.667,"y":1},"o":{"x":0.333,"y":0},"n":"0p667_1_0p333_0","t":11,"s":[439.537,306.4,0],"e":[439.537,302.4,0],"to":[0,2.33333325386047,0],"ti":[0,-6.33333349227905,0]},{"i":{"x":0.667,"y":1},"o":{"x":0.333,"y":0},"n":"0p667_1_0p333_0","t":12,"s":[439.537,302.4,0],"e":[439.537,344.4,0],"to":[0,6.33333349227905,0],"ti":[0,-19,0]},{"i":{"x":0.667,"y":1},"o":{"x":0.333,"y":0},"n":"0p667_1_0p333_0","t":22,"s":[439.537,344.4,0],"e":[439.537,416.4,0],"to":[0,19,0],"ti":[2.66666674613953,-12,0]},{"i":{"x":0.667,"y":1},"o":{"x":0.333,"y":0},"n":"0p667_1_0p333_0","t":33,"s":[439.537,416.4,0],"e":[423.537,416.4,0],"to":[-2.66666674613953,12,0],"ti":[2.66666674613953,0,0]},{"t":48}],"ix":2},"a":{"a":0,"k":[206.344,147.627,0],"ix":1},"s":{"a":0,"k":[100,100,100],"ix":6}},"ao":0,"shapes":[{"ty":"gr","it":[{"ind":0,"ty":"sh","ix":1,"ks":{"a":0,"k":{"i":[[-0.253,0.057],[-7.025,-7.214],[0.044,0.125],[6.394,1.172],[2.78,-2.182]],"o":[[4.146,-0.937],[0.098,0.1],[-0.742,-2.105],[-6.919,-1.268],[-0.194,0.152]],"v":[[-13.247,2.902],[13.412,6.289],[13.637,6.195],[3.202,-5.12],[-13.487,2.513]],"c":true},"ix":2},"nm":"Path 1","mn":"ADBE Vector Shape - Group","hd":false},{"ty":"fl","c":{"a":0,"k":[0.180000005984,0.275,0.298000021542,1],"ix":4},"o":{"a":0,"k":100,"ix":5},"r":1,"nm":"Fill 1","mn":"ADBE Vector Graphic - Fill","hd":false},{"ty":"tr","p":{"a":0,"k":[292.823,100.42],"ix":2},"a":{"a":0,"k":[0,0],"ix":1},"s":{"a":0,"k":[100,100],"ix":3},"r":{"a":0,"k":0,"ix":6},"o":{"a":0,"k":100,"ix":7},"sk":{"a":0,"k":0,"ix":4},"sa":{"a":0,"k":0,"ix":5},"nm":"Transform"}],"nm":"Group 1","np":2,"cix":2,"ix":1,"mn":"ADBE Vector Group","hd":false},{"ty":"gr","it":[{"ind":0,"ty":"sh","ix":1,"ks":{"a":0,"k":{"i":[[-0.293,0.18],[-11.244,-7.369],[0.098,0.158],[8.35,-0.879],[2.692,-4.169]],"o":[[4.824,-2.957],[0.156,0.102],[-1.657,-2.667],[-9.035,0.951],[-0.186,0.289]],"v":[[-17.007,9.241],[17.285,3.466],[17.531,3.245],[0.622,-8.543],[-17.443,8.789]],"c":true},"ix":2},"nm":"Path 1","mn":"ADBE Vector Shape - Group","hd":false},{"ty":"fl","c":{"a":0,"k":[0.180000005984,0.275,0.298000021542,1],"ix":4},"o":{"a":0,"k":100,"ix":5},"r":1,"nm":"Fill 1","mn":"ADBE Vector Graphic - Fill","hd":false},{"ty":"tr","p":{"a":0,"k":[208.655,91.921],"ix":2},"a":{"a":0,"k":[0,0],"ix":1},"s":{"a":0,"k":[100,100],"ix":3},"r":{"a":0,"k":0,"ix":6},"o":{"a":0,"k":100,"ix":7},"sk":{"a":0,"k":0,"ix":4},"sa":{"a":0,"k":0,"ix":5},"nm":"Transform"}],"nm":"Group 2","np":2,"cix":2,"ix":2,"mn":"ADBE Vector Group","hd":false},{"ty":"gr","it":[{"ind":0,"ty":"sh","ix":1,"ks":{"a":0,"k":{"i":[[-29.961,-53.073],[9.701,-19.118],[4.28,15.694],[17.691,-3.424],[-13.578,-48.29],[-5.707,17.977],[4.766,10.808],[-31.163,-2.568],[-6.205,7.593]],"o":[[0,0],[-9.701,19.118],[-4.281,-15.693],[-17.691,3.424],[5.413,19.254],[5.707,-17.976],[-6.23,-14.126],[31.162,2.568],[8.151,-9.975]],"v":[[87.411,-15.494],[53.741,-2.368],[22.64,-0.942],[-16.29,-22.616],[-46.5,49.313],[-81.704,28.476],[-78.271,-8.753],[-31.35,-54.585],[20.673,-45.602]],"c":true},"ix":2},"nm":"Path 1","mn":"ADBE Vector Shape - Group","hd":false},{"ty":"fl","c":{"a":0,"k":[0.388000009574,0.470999983245,0.510000011968,1],"ix":4},"o":{"a":0,"k":100,"ix":5},"r":1,"nm":"Fill 1","mn":"ADBE Vector Graphic - Fill","hd":false},{"ty":"tr","p":{"a":0,"k":[220.308,120],"ix":2},"a":{"a":0,"k":[0,0],"ix":1},"s":{"a":0,"k":[100,100],"ix":3},"r":{"a":0,"k":0,"ix":6},"o":{"a":0,"k":100,"ix":7},"sk":{"a":0,"k":0,"ix":4},"sa":{"a":0,"k":0,"ix":5},"nm":"Transform"}],"nm":"Group 3","np":2,"cix":2,"ix":3,"mn":"ADBE Vector Group","hd":false},{"ty":"gr","it":[{"ind":0,"ty":"sh","ix":1,"ks":{"a":0,"k":{"i":[[19.892,43.327],[0.92,-3.216],[-3.622,-15.042],[-44.512,-8.941],[-5.492,-8.75],[-5.688,11.208],[-9.808,2.603],[6.35,7.75],[0.727,5.952],[1.033,-0.965],[16.209,17.819],[9.635,-3.044]],"o":[[-1.396,-3.04],[-4.766,16.647],[4.945,20.544],[44.513,8.941],[5.49,8.751],[6.96,-13.715],[10.122,-2.687],[-4.618,-5.639],[-0.172,-1.404],[-6.022,5.626],[-20.554,-22.596],[-9.015,2.847]],"v":[[-79.722,-75.927],[-86.481,-75.394],[-96.037,-10.614],[-25.274,51.209],[29.919,60.72],[65.247,67.759],[87.94,43.03],[93.309,-26.26],[86,-49.535],[83.114,-50.591],[44.93,-51.363],[-7.391,-25.642]],"c":true},"ix":2},"nm":"Path 1","mn":"ADBE Vector Shape - Group","hd":false},{"ty":"fl","c":{"a":0,"k":[0.388000009574,0.470999983245,0.510000011968,1],"ix":4},"o":{"a":0,"k":100,"ix":5},"r":1,"nm":"Fill 1","mn":"ADBE Vector Graphic - Fill","hd":false},{"ty":"tr","p":{"a":0,"k":[228.304,211.797],"ix":2},"a":{"a":0,"k":[0,0],"ix":1},"s":{"a":0,"k":[100,100],"ix":3},"r":{"a":0,"k":0,"ix":6},"o":{"a":0,"k":100,"ix":7},"sk":{"a":0,"k":0,"ix":4},"sa":{"a":0,"k":0,"ix":5},"nm":"Transform"}],"nm":"Group 4","np":2,"cix":2,"ix":4,"mn":"ADBE Vector Group","hd":false},{"ty":"gr","it":[{"ind":0,"ty":"sh","ix":1,"ks":{"a":0,"k":{"i":[[11.35,29.242],[-10.652,22.842],[-17.501,-22.556],[11.413,-39.566],[14.214,1.351]],"o":[[0,0],[10.652,-22.842],[17.501,22.556],[-11.414,39.567],[-14.214,-1.35]],"v":[[-30.69,13.077],[-37.855,-52.293],[14.267,-69.918],[37.094,29.87],[3.234,91.122]],"c":true},"ix":2},"nm":"Path 1","mn":"ADBE Vector Shape - Group","hd":false},{"ty":"fl","c":{"a":0,"k":[0.388000009574,0.481999984442,0.528999956916,1],"ix":4},"o":{"a":0,"k":100,"ix":5},"r":1,"nm":"Fill 1","mn":"ADBE Vector Graphic - Fill","hd":false},{"ty":"tr","p":{"a":0,"k":[350.075,153.241],"ix":2},"a":{"a":0,"k":[0,0],"ix":1},"s":{"a":0,"k":[100,100],"ix":3},"r":{"a":0,"k":0,"ix":6},"o":{"a":0,"k":100,"ix":7},"sk":{"a":0,"k":0,"ix":4},"sa":{"a":0,"k":0,"ix":5},"nm":"Transform"}],"nm":"Group 5","np":2,"cix":2,"ix":5,"mn":"ADBE Vector Group","hd":false},{"ty":"gr","it":[{"ind":0,"ty":"sh","ix":1,"ks":{"a":0,"k":{"i":[[-31.958,42.991],[1.902,18.262],[10.272,-12.555],[-52.503,-72.285],[0.329,1.429]],"o":[[0,0],[-1.902,-18.261],[-10.272,12.555],[52.502,72.286],[-0.889,-3.846]],"v":[[66.008,-51.932],[39.757,-75.9],[-0.571,-101.009],[-13.506,41.279],[49.459,36.619]],"c":true},"ix":2},"nm":"Path 1","mn":"ADBE Vector Shape - Group","hd":false},{"ty":"fl","c":{"a":0,"k":[0.388000009574,0.481999984442,0.528999956916,1],"ix":4},"o":{"a":0,"k":100,"ix":5},"r":1,"nm":"Fill 1","mn":"ADBE Vector Graphic - Fill","hd":false},{"ty":"tr","p":{"a":0,"k":[66.258,174.552],"ix":2},"a":{"a":0,"k":[0,0],"ix":1},"s":{"a":0,"k":[100,100],"ix":3},"r":{"a":0,"k":0,"ix":6},"o":{"a":0,"k":100,"ix":7},"sk":{"a":0,"k":0,"ix":4},"sa":{"a":0,"k":0,"ix":5},"nm":"Transform"}],"nm":"Group 6","np":2,"cix":2,"ix":6,"mn":"ADBE Vector Group","hd":false},{"ty":"gr","it":[{"ind":0,"ty":"sh","ix":1,"ks":{"a":0,"k":{"i":[[0.228,-0.205],[0,0]],"o":[[0.242,-0.2],[0,0]],"v":[[-0.186,0.158],[0.186,-0.158]],"c":true},"ix":2},"nm":"Path 1","mn":"ADBE Vector Shape - Group","hd":false},{"ty":"fl","c":{"a":0,"k":[0.349000010771,0.463000009574,0.497999991623,1],"ix":4},"o":{"a":0,"k":100,"ix":5},"r":1,"nm":"Fill 1","mn":"ADBE Vector Graphic - Fill","hd":false},{"ty":"tr","p":{"a":0,"k":[319.571,166.16],"ix":2},"a":{"a":0,"k":[0,0],"ix":1},"s":{"a":0,"k":[100,100],"ix":3},"r":{"a":0,"k":0,"ix":6},"o":{"a":0,"k":100,"ix":7},"sk":{"a":0,"k":0,"ix":4},"sa":{"a":0,"k":0,"ix":5},"nm":"Transform"}],"nm":"Group 7","np":2,"cix":2,"ix":7,"mn":"ADBE Vector Group","hd":false},{"ty":"gr","it":[{"ind":0,"ty":"sh","ix":1,"ks":{"a":0,"k":{"i":[[0,0],[-10.271,7.228],[0,0],[0,0],[0,0],[28.153,-10.652],[20.544,-6.087],[42.991,-10.273],[2.829,-31.904],[-14.88,-23.593],[-21.139,0.333],[-28.376,37.985],[-1.677,0.607],[1.312,-5.251],[-51.076,-23.398],[-14.268,1.427],[-25.395,1.997],[-5.327,3.596],[-9.416,-3.424],[-20.545,56.783],[85.602,-77.327],[14.837,-0.571],[6.776,-4.993]],"o":[[12.936,-17.881],[10.273,-7.229],[-14.076,-20.164],[13.696,-16.359],[14.838,6.848],[-28.153,10.653],[-20.545,6.088],[-27.369,6.539],[-2.464,27.784],[10.785,17.098],[47.555,-0.748],[1.067,-1.429],[2.146,-0.776],[-1.9,7.601],[51.076,23.398],[14.266,-1.426],[25.395,-1.997],[7.122,-4.807],[9.416,3.424],[20.544,-56.782],[0,0],[-14.838,0.57],[-5.742,4.231]],"v":[[15.913,-73.855],[9.445,-95.16],[34.175,-94.019],[-8.816,-92.497],[-20.23,-109.998],[-57.894,-82.225],[-92.515,-59.018],[-153.768,-83.366],[-192.832,0.165],[-174.211,79.554],[-126.756,111.424],[-88.034,-13.191],[-83.879,-16.396],[-80.626,-11.841],[-64.647,103.068],[26.376,125.691],[64.04,145.38],[94.888,114.618],[120.537,111.139],[174.752,56.354],[75.739,-70.05],[34.08,-90.024],[22.167,-76.542]],"c":true},"ix":2},"nm":"Path 1","mn":"ADBE Vector Shape - Group","hd":false},{"ty":"fl","c":{"a":0,"k":[0.356999984442,0.430999995213,0.477999997606,1],"ix":4},"o":{"a":0,"k":100,"ix":5},"r":1,"nm":"Fill 1","mn":"ADBE Vector Graphic - Fill","hd":false},{"ty":"tr","p":{"a":0,"k":[217.142,147.627],"ix":2},"a":{"a":0,"k":[0,0],"ix":1},"s":{"a":0,"k":[100,100],"ix":3},"r":{"a":0,"k":0,"ix":6},"o":{"a":0,"k":100,"ix":7},"sk":{"a":0,"k":0,"ix":4},"sa":{"a":0,"k":0,"ix":5},"nm":"Transform"}],"nm":"Group 8","np":2,"cix":2,"ix":8,"mn":"ADBE Vector Group","hd":false}],"ip":0,"op":713,"st":0,"bm":0},{"ddd":0,"ind":6,"ty":4,"nm":"Layer 14 Outlines","parent":7,"sr":1,"ks":{"o":{"a":0,"k":100,"ix":11},"r":{"a":1,"k":[{"i":{"x":[0.667],"y":[1]},"o":{"x":[0.333],"y":[0]},"n":["0p667_1_0p333_0"],"t":0,"s":[0],"e":[33]},{"i":{"x":[0.667],"y":[1]},"o":{"x":[0.333],"y":[0]},"n":["0p667_1_0p333_0"],"t":12,"s":[33],"e":[50]},{"i":{"x":[0.667],"y":[1]},"o":{"x":[0.333],"y":[0]},"n":["0p667_1_0p333_0"],"t":22,"s":[50],"e":[75]},{"t":33}],"ix":10},"p":{"a":1,"k":[{"i":{"x":0.667,"y":1},"o":{"x":0.333,"y":0},"n":"0p667_1_0p333_0","t":0,"s":[138.213,291.157,0],"e":[138.516,276.458,0],"to":[0,-2.42214918136597,0],"ti":[0.79742866754532,4.62932538986206,0]},{"i":{"x":0.667,"y":1},"o":{"x":0.333,"y":0},"n":"0p667_1_0p333_0","t":11,"s":[138.516,276.458,0],"e":[138.213,275.157,0],"to":[-0.08050092309713,-0.46733331680298,0],"ti":[0.12225874513388,0.39734092354774,0]},{"i":{"x":0.667,"y":1},"o":{"x":0.333,"y":0},"n":"0p667_1_0p333_0","t":12,"s":[138.213,275.157,0],"e":[130.213,265.157,0],"to":[-1.33333337306976,-4.33333349227905,0],"ti":[20.3333339691162,7.33333349227905,0]},{"i":{"x":0.667,"y":1},"o":{"x":0.333,"y":0},"n":"0p667_1_0p333_0","t":22,"s":[130.213,265.157,0],"e":[16.213,231.157,0],"to":[-20.3333339691162,-7.33333349227905,0],"ti":[19,5.66666650772095,0]},{"t":33}],"ix":2},"a":{"a":0,"k":[56.618,98.544,0],"ix":1},"s":{"a":0,"k":[100,100,100],"ix":6}},"ao":0,"shapes":[{"ty":"gr","it":[{"ind":0,"ty":"sh","ix":1,"ks":{"a":0,"k":{"i":[[-1.961,-4.37],[6.366,-2.358],[1.961,4.37],[-3.766,1.691]],"o":[[1.961,4.37],[-7.034,2.605],[-1.961,-4.37],[3.766,-1.69]],"v":[[6.251,-3.518],[2.983,7.456],[-7.387,2.603],[-4.12,-8.37]],"c":true},"ix":2},"nm":"Path 1","mn":"ADBE Vector Shape - Group","hd":false},{"ty":"fl","c":{"a":0,"k":[0.898000021542,0.905999995213,0.898000021542,1],"ix":4},"o":{"a":0,"k":100,"ix":5},"r":1,"nm":"Fill 1","mn":"ADBE Vector Graphic - Fill","hd":false},{"ty":"tr","p":{"a":0,"k":[92.598,180.4],"ix":2},"a":{"a":0,"k":[0,0],"ix":1},"s":{"a":0,"k":[100,100],"ix":3},"r":{"a":0,"k":0,"ix":6},"o":{"a":0,"k":100,"ix":7},"sk":{"a":0,"k":0,"ix":4},"sa":{"a":0,"k":0,"ix":5},"nm":"Transform"}],"nm":"Group 1","np":2,"cix":2,"ix":1,"mn":"ADBE Vector Group","hd":false},{"ty":"gr","it":[{"ind":0,"ty":"sh","ix":1,"ks":{"a":0,"k":{"i":[[-0.763,-4.729],[6.759,-0.629],[0.763,4.728],[-4.075,0.657]],"o":[[0.763,4.729],[-7.469,0.694],[-0.763,-4.73],[4.075,-0.657]],"v":[[7.379,-1.209],[1.381,8.544],[-7.379,1.172],[-1.381,-8.581]],"c":true},"ix":2},"nm":"Path 1","mn":"ADBE Vector Shape - Group","hd":false},{"ty":"fl","c":{"a":0,"k":[0.898000021542,0.905999995213,0.898000021542,1],"ix":4},"o":{"a":0,"k":100,"ix":5},"r":1,"nm":"Fill 1","mn":"ADBE Vector Graphic - Fill","hd":false},{"ty":"tr","p":{"a":0,"k":[78.374,184.996],"ix":2},"a":{"a":0,"k":[0,0],"ix":1},"s":{"a":0,"k":[100,100],"ix":3},"r":{"a":0,"k":0,"ix":6},"o":{"a":0,"k":100,"ix":7},"sk":{"a":0,"k":0,"ix":4},"sa":{"a":0,"k":0,"ix":5},"nm":"Transform"}],"nm":"Group 2","np":2,"cix":2,"ix":2,"mn":"ADBE Vector Group","hd":false},{"ty":"gr","it":[{"ind":0,"ty":"sh","ix":1,"ks":{"a":0,"k":{"i":[[-0.038,-4.79],[6.776,0.403],[0.037,4.79],[-4.127,0.032]],"o":[[0.037,4.79],[-7.489,-0.445],[-0.037,-4.789],[4.128,-0.032]],"v":[[7.474,-0.244],[0.068,8.487],[-7.474,-0.128],[-0.068,-8.858]],"c":true},"ix":2},"nm":"Path 1","mn":"ADBE Vector Shape - Group","hd":false},{"ty":"fl","c":{"a":0,"k":[0.898000021542,0.905999995213,0.898000021542,1],"ix":4},"o":{"a":0,"k":100,"ix":5},"r":1,"nm":"Fill 1","mn":"ADBE Vector Graphic - Fill","hd":false},{"ty":"tr","p":{"a":0,"k":[63.284,185.154],"ix":2},"a":{"a":0,"k":[0,0],"ix":1},"s":{"a":0,"k":[100,100],"ix":3},"r":{"a":0,"k":0,"ix":6},"o":{"a":0,"k":100,"ix":7},"sk":{"a":0,"k":0,"ix":4},"sa":{"a":0,"k":0,"ix":5},"nm":"Transform"}],"nm":"Group 3","np":2,"cix":2,"ix":3,"mn":"ADBE Vector Group","hd":false},{"ty":"gr","it":[{"ind":0,"ty":"sh","ix":1,"ks":{"a":0,"k":{"i":[[0.663,-4.744],[6.644,1.388],[-0.662,4.743],[-4.088,-0.571]],"o":[[-0.663,4.744],[-7.343,-1.535],[0.663,-4.745],[4.089,0.57]],"v":[[7.641,0.625],[-0.961,8.181],[-7.164,-1.442],[1.438,-8.998]],"c":true},"ix":2},"nm":"Path 1","mn":"ADBE Vector Shape - Group","hd":false},{"ty":"fl","c":{"a":0,"k":[0.898000021542,0.905999995213,0.898000021542,1],"ix":4},"o":{"a":0,"k":100,"ix":5},"r":1,"nm":"Fill 1","mn":"ADBE Vector Graphic - Fill","hd":false},{"ty":"tr","p":{"a":0,"k":[48.072,183.775],"ix":2},"a":{"a":0,"k":[0,0],"ix":1},"s":{"a":0,"k":[100,100],"ix":3},"r":{"a":0,"k":0,"ix":6},"o":{"a":0,"k":100,"ix":7},"sk":{"a":0,"k":0,"ix":4},"sa":{"a":0,"k":0,"ix":5},"nm":"Transform"}],"nm":"Group 4","np":2,"cix":2,"ix":4,"mn":"ADBE Vector Group","hd":false},{"ty":"gr","it":[{"ind":0,"ty":"sh","ix":1,"ks":{"a":0,"k":{"i":[[0.663,-4.744],[6.645,1.388],[-0.663,4.743],[-4.089,-0.571]],"o":[[-0.663,4.744],[-7.343,-1.535],[0.662,-4.745],[4.088,0.57]],"v":[[7.641,0.625],[-0.961,8.181],[-7.163,-1.442],[1.439,-8.998]],"c":true},"ix":2},"nm":"Path 1","mn":"ADBE Vector Shape - Group","hd":false},{"ty":"fl","c":{"a":0,"k":[0.898000021542,0.905999995213,0.898000021542,1],"ix":4},"o":{"a":0,"k":100,"ix":5},"r":1,"nm":"Fill 1","mn":"ADBE Vector Graphic - Fill","hd":false},{"ty":"tr","p":{"a":0,"k":[33.876,179.066],"ix":2},"a":{"a":0,"k":[0,0],"ix":1},"s":{"a":0,"k":[100,100],"ix":3},"r":{"a":0,"k":0,"ix":6},"o":{"a":0,"k":100,"ix":7},"sk":{"a":0,"k":0,"ix":4},"sa":{"a":0,"k":0,"ix":5},"nm":"Transform"}],"nm":"Group 5","np":2,"cix":2,"ix":5,"mn":"ADBE Vector Group","hd":false},{"ty":"gr","it":[{"ind":0,"ty":"sh","ix":1,"ks":{"a":0,"k":{"i":[[26.859,7.447],[-0.094,-17.78],[-2.478,-5.681],[7.99,-40.232],[-28.534,-6.562],[11.202,29.675],[-19.118,45.37]],"o":[[-17.134,-4.751],[0.026,4.922],[11.699,26.821],[-7.989,40.233],[28.533,6.564],[-11.201,-29.675],[13.22,-31.374]],"v":[[-22.026,-93.543],[-56.275,-67.757],[-52.777,-51.794],[-32.233,21.823],[-16.824,91.73],[45.167,68.048],[33.109,-37.813]],"c":true},"ix":2},"nm":"Path 1","mn":"ADBE Vector Shape - Group","hd":false},{"ty":"fl","c":{"a":0,"k":[0.383999992819,0.470999983245,0.510000011968,1],"ix":4},"o":{"a":0,"k":100,"ix":5},"r":1,"nm":"Fill 1","mn":"ADBE Vector Graphic - Fill","hd":false},{"ty":"tr","p":{"a":0,"k":[56.618,98.544],"ix":2},"a":{"a":0,"k":[0,0],"ix":1},"s":{"a":0,"k":[100,100],"ix":3},"r":{"a":0,"k":0,"ix":6},"o":{"a":0,"k":100,"ix":7},"sk":{"a":0,"k":0,"ix":4},"sa":{"a":0,"k":0,"ix":5},"nm":"Transform"}],"nm":"Group 6","np":2,"cix":2,"ix":6,"mn":"ADBE Vector Group","hd":false}],"ip":0,"op":713,"st":0,"bm":0},{"ddd":0,"ind":7,"ty":4,"nm":"body Outlines","sr":1,"ks":{"o":{"a":0,"k":100,"ix":11},"r":{"a":0,"k":0,"ix":10},"p":{"a":1,"k":[{"i":{"x":0.667,"y":1},"o":{"x":0.333,"y":0},"n":"0p667_1_0p333_0","t":0,"s":[411.698,487.068,0],"e":[411.698,499.068,0],"to":[0,2,0],"ti":[0,-5.66666650772095,0]},{"i":{"x":0.667,"y":1},"o":{"x":0.333,"y":0},"n":"0p667_1_0p333_0","t":11,"s":[411.698,499.068,0],"e":[411.698,521.068,0],"to":[0,5.66666650772095,0],"ti":[0,-12.6666669845581,0]},{"i":{"x":0.667,"y":1},"o":{"x":0.333,"y":0},"n":"0p667_1_0p333_0","t":22,"s":[411.698,521.068,0],"e":[411.698,575.068,0],"to":[0,12.6666669845581,0],"ti":[0,-9,0]},{"t":33}],"ix":2},"a":{"a":0,"k":[161.811,140.715,0],"ix":1},"s":{"a":0,"k":[100,100,100],"ix":6}},"ao":0,"shapes":[{"ty":"gr","it":[{"ind":0,"ty":"sh","ix":1,"ks":{"a":0,"k":{"i":[[-93.239,36.24],[-1.083,-2.297],[-16.409,-3.361],[105.36,-142.616],[-0.177,0.912],[3.016,0],[36.434,-6.536],[6.253,77.498]],"o":[[2.368,-0.92],[4.849,10.277],[20.256,4.149],[-0.551,0.747],[0.597,-3.069],[-5.326,0],[-44.132,7.918],[-4.581,-56.781]],"v":[[-56.48,-117.955],[-50.351,-115.529],[-11.474,-78.127],[45.358,87.04],[43.796,86.365],[41.409,79.76],[-9.952,110.956],[-146.138,16.696]],"c":true},"ix":2},"nm":"Path 1","mn":"ADBE Vector Shape - Group","hd":false},{"ty":"fl","c":{"a":0,"k":[0.383999992819,0.470999983245,0.510000011968,1],"ix":4},"o":{"a":0,"k":100,"ix":5},"r":1,"nm":"Fill 1","mn":"ADBE Vector Graphic - Fill","hd":false},{"ty":"tr","p":{"a":0,"k":[172.654,149.141],"ix":2},"a":{"a":0,"k":[0,0],"ix":1},"s":{"a":0,"k":[100,100],"ix":3},"r":{"a":0,"k":0,"ix":6},"o":{"a":0,"k":100,"ix":7},"sk":{"a":0,"k":0,"ix":4},"sa":{"a":0,"k":0,"ix":5},"nm":"Transform"}],"nm":"Group 1","np":2,"cix":2,"ix":1,"mn":"ADBE Vector Group","hd":false},{"ty":"gr","it":[{"ind":0,"ty":"sh","ix":1,"ks":{"a":0,"k":{"i":[[77.042,-23.397],[17.691,-49.649],[-124.979,14.266],[7.99,35.953]],"o":[[0,0],[-17.691,49.649],[124.977,-14.268],[-5.696,-25.632]],"v":[[-20.897,-117.068],[-123.619,-37.173],[16.135,126.198],[133.32,-41.167]],"c":true},"ix":2},"nm":"Path 1","mn":"ADBE Vector Shape - Group","hd":false},{"ty":"fl","c":{"a":0,"k":[0.349000010771,0.438999998803,0.470999983245,1],"ix":4},"o":{"a":0,"k":100,"ix":5},"r":1,"nm":"Fill 1","mn":"ADBE Vector Graphic - Fill","hd":false},{"ty":"tr","p":{"a":0,"k":[141.56,140.715],"ix":2},"a":{"a":0,"k":[0,0],"ix":1},"s":{"a":0,"k":[100,100],"ix":3},"r":{"a":0,"k":0,"ix":6},"o":{"a":0,"k":100,"ix":7},"sk":{"a":0,"k":0,"ix":4},"sa":{"a":0,"k":0,"ix":5},"nm":"Transform"}],"nm":"Group 2","np":2,"cix":2,"ix":2,"mn":"ADBE Vector Group","hd":false}],"ip":0,"op":713,"st":0,"bm":0},{"ddd":0,"ind":8,"ty":4,"nm":"Layer 10 Outlines","parent":7,"sr":1,"ks":{"o":{"a":0,"k":100,"ix":11},"r":{"a":1,"k":[{"i":{"x":[0.667],"y":[1]},"o":{"x":[0.333],"y":[0]},"n":["0p667_1_0p333_0"],"t":0,"s":[0],"e":[-23]},{"i":{"x":[0.667],"y":[1]},"o":{"x":[0.333],"y":[0]},"n":["0p667_1_0p333_0"],"t":12,"s":[-23],"e":[-40]},{"i":{"x":[0.667],"y":[1]},"o":{"x":[0.333],"y":[0]},"n":["0p667_1_0p333_0"],"t":22,"s":[-40],"e":[-67]},{"t":33}],"ix":10},"p":{"a":1,"k":[{"i":{"x":0.667,"y":1},"o":{"x":0.333,"y":0},"n":"0p667_1_0p333_0","t":0,"s":[243.473,232.87,0],"e":[258.563,231.077,0],"to":[2.38842630386353,-0.42100223898888,0],"ti":[-3.36026406288147,2.49406504631042,0]},{"i":{"x":0.667,"y":1},"o":{"x":0.333,"y":0},"n":"0p667_1_0p333_0","t":11,"s":[258.563,231.077,0],"e":[259.473,230.05,0],"to":[0.39145478606224,-0.29054674506187,0],"ti":[-0.20868024230003,0.39684516191483,0]},{"i":{"x":0.667,"y":1},"o":{"x":0.333,"y":0},"n":"0p667_1_0p333_0","t":12,"s":[259.473,230.05,0],"e":[255.473,210.05,0],"to":[2,-3.80338025093079,0],"ti":[6.33333349227905,5.33333349227905,0]},{"i":{"x":0.667,"y":1},"o":{"x":0.333,"y":0},"n":"0p667_1_0p333_0","t":22,"s":[255.473,210.05,0],"e":[221.473,198.05,0],"to":[-6.33333349227905,-5.33333349227905,0],"ti":[5.66666650772095,2,0]},{"t":33}],"ix":2},"a":{"a":0,"k":[54.634,124.479,0],"ix":1},"s":{"a":0,"k":[100,100,100],"ix":6}},"ao":0,"shapes":[{"ty":"gr","it":[{"ind":0,"ty":"sh","ix":1,"ks":{"a":0,"k":{"i":[[-0.209,-5.182],[6.777,0.219],[0.21,5.181],[-4.118,0.166]],"o":[[0.209,5.182],[-7.489,-0.244],[-0.209,-5.182],[4.119,-0.167]],"v":[[7.457,-0.328],[0.379,9.356],[-7.457,0.274],[-0.379,-9.409]],"c":true},"ix":2},"nm":"Path 1","mn":"ADBE Vector Shape - Group","hd":false},{"ty":"fl","c":{"a":0,"k":[0.898000021542,0.905999995213,0.898000021542,1],"ix":4},"o":{"a":0,"k":100,"ix":5},"r":1,"nm":"Fill 1","mn":"ADBE Vector Graphic - Fill","hd":false},{"ty":"tr","p":{"a":0,"k":[87.616,234.321],"ix":2},"a":{"a":0,"k":[0,0],"ix":1},"s":{"a":0,"k":[100,100],"ix":3},"r":{"a":0,"k":0,"ix":6},"o":{"a":0,"k":100,"ix":7},"sk":{"a":0,"k":0,"ix":4},"sa":{"a":0,"k":0,"ix":5},"nm":"Transform"}],"nm":"Group 1","np":2,"cix":2,"ix":1,"mn":"ADBE Vector Group","hd":false},{"ty":"gr","it":[{"ind":0,"ty":"sh","ix":1,"ks":{"a":0,"k":{"i":[[-0.331,-5.176],[7.552,0.011],[0.331,5.176],[-4.583,0.294]],"o":[[0.332,5.175],[-8.346,-0.011],[-0.332,-5.174],[4.584,-0.293]],"v":[[8.299,-0.39],[0.601,9.512],[-8.299,0.672],[-0.6,-9.23]],"c":true},"ix":2},"nm":"Path 1","mn":"ADBE Vector Shape - Group","hd":false},{"ty":"fl","c":{"a":0,"k":[0.898000021542,0.905999995213,0.898000021542,1],"ix":4},"o":{"a":0,"k":100,"ix":5},"r":1,"nm":"Fill 1","mn":"ADBE Vector Graphic - Fill","hd":false},{"ty":"tr","p":{"a":0,"k":[71.777,238.738],"ix":2},"a":{"a":0,"k":[0,0],"ix":1},"s":{"a":0,"k":[100,100],"ix":3},"r":{"a":0,"k":0,"ix":6},"o":{"a":0,"k":100,"ix":7},"sk":{"a":0,"k":0,"ix":4},"sa":{"a":0,"k":0,"ix":5},"nm":"Transform"}],"nm":"Group 2","np":2,"cix":2,"ix":2,"mn":"ADBE Vector Group","hd":false},{"ty":"gr","it":[{"ind":0,"ty":"sh","ix":1,"ks":{"a":0,"k":{"i":[[0,-5.186],[7.536,0.493],[0,5.186],[-4.593,0]],"o":[[0,5.186],[-8.328,-0.545],[0,-5.186],[4.592,0]],"v":[[8.322,-0.247],[0.006,9.144],[-8.311,-0.247],[0.006,-9.637]],"c":true},"ix":2},"nm":"Path 1","mn":"ADBE Vector Shape - Group","hd":false},{"ty":"fl","c":{"a":0,"k":[0.898000021542,0.905999995213,0.898000021542,1],"ix":4},"o":{"a":0,"k":100,"ix":5},"r":1,"nm":"Fill 1","mn":"ADBE Vector Graphic - Fill","hd":false},{"ty":"tr","p":{"a":0,"k":[55.063,239.071],"ix":2},"a":{"a":0,"k":[0,0],"ix":1},"s":{"a":0,"k":[100,100],"ix":3},"r":{"a":0,"k":0,"ix":6},"o":{"a":0,"k":100,"ix":7},"sk":{"a":0,"k":0,"ix":4},"sa":{"a":0,"k":0,"ix":5},"nm":"Transform"}],"nm":"Group 3","np":2,"cix":2,"ix":3,"mn":"ADBE Vector Group","hd":false},{"ty":"gr","it":[{"ind":0,"ty":"sh","ix":1,"ks":{"a":0,"k":{"i":[[0.131,-5.185],[7.521,0.683],[-0.131,5.184],[-4.592,-0.115]],"o":[[-0.131,5.185],[-8.311,-0.755],[0.131,-5.184],[4.591,0.117]],"v":[[8.366,-0.074],[-0.186,9.104],[-8.262,-0.493],[0.289,-9.671]],"c":true},"ix":2},"nm":"Path 1","mn":"ADBE Vector Shape - Group","hd":false},{"ty":"fl","c":{"a":0,"k":[0.898000021542,0.905999995213,0.898000021542,1],"ix":4},"o":{"a":0,"k":100,"ix":5},"r":1,"nm":"Fill 1","mn":"ADBE Vector Graphic - Fill","hd":false},{"ty":"tr","p":{"a":0,"k":[38.383,234.544],"ix":2},"a":{"a":0,"k":[0,0],"ix":1},"s":{"a":0,"k":[100,100],"ix":3},"r":{"a":0,"k":0,"ix":6},"o":{"a":0,"k":100,"ix":7},"sk":{"a":0,"k":0,"ix":4},"sa":{"a":0,"k":0,"ix":5},"nm":"Transform"}],"nm":"Group 4","np":2,"cix":2,"ix":4,"mn":"ADBE Vector Group","hd":false},{"ty":"gr","it":[{"ind":0,"ty":"sh","ix":1,"ks":{"a":0,"k":{"i":[[5.128,85.279],[2.282,-44.798],[-6.508,-23.589],[34.188,-0.241],[-8.845,44.418],[-4.45,12.27]],"o":[[0,0],[-2.284,44.798],[13.41,48.615],[-40.804,0.288],[8.846,-44.417],[4.451,-12.27]],"v":[[32.977,-124.142],[45.826,-18.245],[40.975,65.836],[8.732,123.854],[-28.363,65.836],[-49.934,-2.266]],"c":true},"ix":2},"nm":"Path 1","mn":"ADBE Vector Shape - Group","hd":false},{"ty":"fl","c":{"a":0,"k":[0.383999992819,0.470999983245,0.510000011968,1],"ix":4},"o":{"a":0,"k":100,"ix":5},"r":1,"nm":"Fill 1","mn":"ADBE Vector Graphic - Fill","hd":false},{"ty":"tr","p":{"a":0,"k":[54.634,124.391],"ix":2},"a":{"a":0,"k":[0,0],"ix":1},"s":{"a":0,"k":[100,100],"ix":3},"r":{"a":0,"k":0,"ix":6},"o":{"a":0,"k":100,"ix":7},"sk":{"a":0,"k":0,"ix":4},"sa":{"a":0,"k":0,"ix":5},"nm":"Transform"}],"nm":"Group 5","np":2,"cix":2,"ix":5,"mn":"ADBE Vector Group","hd":false}],"ip":0,"op":713,"st":0,"bm":0},{"ddd":0,"ind":9,"ty":4,"nm":"Layer 9 Outlines","parent":7,"sr":1,"ks":{"o":{"a":0,"k":100,"ix":11},"r":{"a":1,"k":[{"i":{"x":[0.667],"y":[1]},"o":{"x":[0.333],"y":[0]},"n":["0p667_1_0p333_0"],"t":0,"s":[0],"e":[28]},{"i":{"x":[0.667],"y":[1]},"o":{"x":[0.333],"y":[0]},"n":["0p667_1_0p333_0"],"t":12,"s":[28],"e":[43]},{"i":{"x":[0.667],"y":[1]},"o":{"x":[0.333],"y":[0]},"n":["0p667_1_0p333_0"],"t":22,"s":[43],"e":[78]},{"t":33}],"ix":10},"p":{"a":1,"k":[{"i":{"x":0.667,"y":1},"o":{"x":0.333,"y":0},"n":"0p667_1_0p333_0","t":0,"s":[42.766,194.702,0],"e":[42.766,185.7,0],"to":[0,-1.50019288063049,0],"ti":[0,3.75048232078552,0]},{"i":{"x":0.667,"y":1},"o":{"x":0.333,"y":0},"n":"0p667_1_0p333_0","t":11,"s":[42.766,185.7,0],"e":[42.766,176.702,0],"to":[0,-3.74951767921448,0],"ti":[0,1.49980711936951,0]},{"i":{"x":0.667,"y":1},"o":{"x":0.333,"y":0},"n":"0p667_1_0p333_0","t":22,"s":[42.766,176.702,0],"e":[56.766,206.702,0],"to":[0,-3,0],"ti":[-0.33333334326744,1.66666662693024,0]},{"t":33}],"ix":2},"a":{"a":0,"k":[60.742,139.9,0],"ix":1},"s":{"a":0,"k":[100,100,100],"ix":6}},"ao":0,"shapes":[{"ty":"gr","it":[{"ind":0,"ty":"sh","ix":1,"ks":{"a":0,"k":{"i":[[-0.209,-5.182],[6.777,0.219],[0.209,5.181],[-4.119,0.166]],"o":[[0.209,5.182],[-7.489,-0.244],[-0.209,-5.183],[4.118,-0.167]],"v":[[7.457,-0.327],[0.379,9.357],[-7.457,0.276],[-0.378,-9.408]],"c":true},"ix":2},"nm":"Path 1","mn":"ADBE Vector Shape - Group","hd":false},{"ty":"fl","c":{"a":0,"k":[0.898000021542,0.905999995213,0.898000021542,1],"ix":4},"o":{"a":0,"k":100,"ix":5},"r":1,"nm":"Fill 1","mn":"ADBE Vector Graphic - Fill","hd":false},{"ty":"tr","p":{"a":0,"k":[84.421,266.446],"ix":2},"a":{"a":0,"k":[0,0],"ix":1},"s":{"a":0,"k":[100,100],"ix":3},"r":{"a":0,"k":0,"ix":6},"o":{"a":0,"k":100,"ix":7},"sk":{"a":0,"k":0,"ix":4},"sa":{"a":0,"k":0,"ix":5},"nm":"Transform"}],"nm":"Group 1","np":2,"cix":2,"ix":1,"mn":"ADBE Vector Group","hd":false},{"ty":"gr","it":[{"ind":0,"ty":"sh","ix":1,"ks":{"a":0,"k":{"i":[[-0.332,-5.175],[7.552,0.011],[0.331,5.175],[-4.583,0.293]],"o":[[0.332,5.176],[-8.345,-0.011],[-0.331,-5.175],[4.583,-0.294]],"v":[[8.299,-0.39],[0.6,9.512],[-8.299,0.673],[-0.6,-9.229]],"c":true},"ix":2},"nm":"Path 1","mn":"ADBE Vector Shape - Group","hd":false},{"ty":"fl","c":{"a":0,"k":[0.898000021542,0.905999995213,0.898000021542,1],"ix":4},"o":{"a":0,"k":100,"ix":5},"r":1,"nm":"Fill 1","mn":"ADBE Vector Graphic - Fill","hd":false},{"ty":"tr","p":{"a":0,"k":[68.583,269.578],"ix":2},"a":{"a":0,"k":[0,0],"ix":1},"s":{"a":0,"k":[100,100],"ix":3},"r":{"a":0,"k":0,"ix":6},"o":{"a":0,"k":100,"ix":7},"sk":{"a":0,"k":0,"ix":4},"sa":{"a":0,"k":0,"ix":5},"nm":"Transform"}],"nm":"Group 2","np":2,"cix":2,"ix":2,"mn":"ADBE Vector Group","hd":false},{"ty":"gr","it":[{"ind":0,"ty":"sh","ix":1,"ks":{"a":0,"k":{"i":[[0,-5.186],[7.536,0.493],[0,5.187],[-4.593,0]],"o":[[0,5.187],[-8.328,-0.545],[0,-5.186],[4.593,0]],"v":[[8.322,-0.247],[0.006,9.144],[-8.31,-0.247],[0.006,-9.637]],"c":true},"ix":2},"nm":"Path 1","mn":"ADBE Vector Shape - Group","hd":false},{"ty":"fl","c":{"a":0,"k":[0.898000021542,0.905999995213,0.898000021542,1],"ix":4},"o":{"a":0,"k":100,"ix":5},"r":1,"nm":"Fill 1","mn":"ADBE Vector Graphic - Fill","hd":false},{"ty":"tr","p":{"a":0,"k":[51.867,269.912],"ix":2},"a":{"a":0,"k":[0,0],"ix":1},"s":{"a":0,"k":[100,100],"ix":3},"r":{"a":0,"k":0,"ix":6},"o":{"a":0,"k":100,"ix":7},"sk":{"a":0,"k":0,"ix":4},"sa":{"a":0,"k":0,"ix":5},"nm":"Transform"}],"nm":"Group 3","np":2,"cix":2,"ix":3,"mn":"ADBE Vector Group","hd":false},{"ty":"gr","it":[{"ind":0,"ty":"sh","ix":1,"ks":{"a":0,"k":{"i":[[0.131,-5.185],[7.521,0.683],[-0.131,5.184],[-4.591,-0.115]],"o":[[-0.131,5.184],[-8.311,-0.755],[0.13,-5.184],[4.591,0.117]],"v":[[8.365,-0.074],[-0.185,9.103],[-8.261,-0.494],[0.289,-9.672]],"c":true},"ix":2},"nm":"Path 1","mn":"ADBE Vector Shape - Group","hd":false},{"ty":"fl","c":{"a":0,"k":[0.898000021542,0.905999995213,0.898000021542,1],"ix":4},"o":{"a":0,"k":100,"ix":5},"r":1,"nm":"Fill 1","mn":"ADBE Vector Graphic - Fill","hd":false},{"ty":"tr","p":{"a":0,"k":[35.189,267.668],"ix":2},"a":{"a":0,"k":[0,0],"ix":1},"s":{"a":0,"k":[100,100],"ix":3},"r":{"a":0,"k":0,"ix":6},"o":{"a":0,"k":100,"ix":7},"sk":{"a":0,"k":0,"ix":4},"sa":{"a":0,"k":0,"ix":5},"nm":"Transform"}],"nm":"Group 4","np":2,"cix":2,"ix":4,"mn":"ADBE Vector Group","hd":false},{"ty":"gr","it":[{"ind":0,"ty":"sh","ix":1,"ks":{"a":0,"k":{"i":[[0,0],[0.571,-55.355],[7.419,-17.976],[-55.355,-0.856],[0.285,21.401],[-14.552,10.843]],"o":[[0,0],[-0.57,55.356],[-7.419,17.976],[55.356,0.856],[-0.285,-21.4],[14.552,-10.843]],"v":[[17.419,-139.521],[-41.66,-43.951],[-35.097,81.027],[-5.137,138.666],[36.238,95.294],[45.939,56.773]],"c":true},"ix":2},"nm":"Path 1","mn":"ADBE Vector Shape - Group","hd":false},{"ty":"fl","c":{"a":0,"k":[0.340999977261,0.438999998803,0.475,1],"ix":4},"o":{"a":0,"k":100,"ix":5},"r":1,"nm":"Fill 1","mn":"ADBE Vector Graphic - Fill","hd":false},{"ty":"tr","p":{"a":0,"k":[60.742,139.771],"ix":2},"a":{"a":0,"k":[0,0],"ix":1},"s":{"a":0,"k":[100,100],"ix":3},"r":{"a":0,"k":0,"ix":6},"o":{"a":0,"k":100,"ix":7},"sk":{"a":0,"k":0,"ix":4},"sa":{"a":0,"k":0,"ix":5},"nm":"Transform"}],"nm":"Group 5","np":2,"cix":2,"ix":5,"mn":"ADBE Vector Group","hd":false}],"ip":0,"op":713,"st":0,"bm":0},{"ddd":0,"ind":10,"ty":4,"nm":"Layer 8 Outlines","parent":7,"sr":1,"ks":{"o":{"a":0,"k":100,"ix":11},"r":{"a":1,"k":[{"i":{"x":[0.667],"y":[1]},"o":{"x":[0.333],"y":[0]},"n":["0p667_1_0p333_0"],"t":0,"s":[0],"e":[-20]},{"i":{"x":[0.667],"y":[1]},"o":{"x":[0.333],"y":[0]},"n":["0p667_1_0p333_0"],"t":12,"s":[-20],"e":[-51]},{"i":{"x":[0.667],"y":[1]},"o":{"x":[0.333],"y":[0]},"n":["0p667_1_0p333_0"],"t":22,"s":[-51],"e":[-78]},{"t":33}],"ix":10},"p":{"a":1,"k":[{"i":{"x":0.667,"y":1},"o":{"x":0.333,"y":0},"n":"0p667_1_0p333_0","t":0,"s":[193.187,284.363,0],"e":[192.882,275.152,0],"to":[0,-1.54926335811615,0],"ti":[-1.13579332828522,3.52088904380798,0]},{"i":{"x":0.667,"y":1},"o":{"x":0.333,"y":0},"n":"0p667_1_0p333_0","t":11,"s":[192.882,275.152,0],"e":[193.187,274.363,0],"to":[0.08607050776482,-0.26681324839592,0],"ti":[-0.11740330606699,0.25828728079796,0]},{"i":{"x":0.667,"y":1},"o":{"x":0.333,"y":0},"n":"0p667_1_0p333_0","t":12,"s":[193.187,274.363,0],"e":[203.187,262.363,0],"to":[1.66666662693024,-3.66666674613953,0],"ti":[-5.66666650772095,4.66666650772095,0]},{"i":{"x":0.667,"y":1},"o":{"x":0.333,"y":0},"n":"0p667_1_0p333_0","t":22,"s":[203.187,262.363,0],"e":[227.187,246.363,0],"to":[5.66666650772095,-4.66666650772095,0],"ti":[-4,2.66666674613953,0]},{"t":33}],"ix":2},"a":{"a":0,"k":[31.969,42.278,0],"ix":1},"s":{"a":0,"k":[100,100,100],"ix":6}},"ao":0,"shapes":[{"ty":"gr","it":[{"ind":0,"ty":"sh","ix":1,"ks":{"a":0,"k":{"i":[[-0.413,-4.314],[5.196,-0.084],[0.413,4.313],[-3.143,0.301]],"o":[[0.413,4.313],[-5.742,0.092],[-0.413,-4.314],[3.143,-0.301]],"v":[[5.69,-0.44],[0.748,7.915],[-5.69,0.65],[-0.748,-7.706]],"c":true},"ix":2},"nm":"Path 1","mn":"ADBE Vector Shape - Group","hd":false},{"ty":"fl","c":{"a":0,"k":[0.898000021542,0.905999995213,0.898000021542,1],"ix":4},"o":{"a":0,"k":100,"ix":5},"r":1,"nm":"Fill 1","mn":"ADBE Vector Graphic - Fill","hd":false},{"ty":"tr","p":{"a":0,"k":[16.849,65.957],"ix":2},"a":{"a":0,"k":[0,0],"ix":1},"s":{"a":0,"k":[100,100],"ix":3},"r":{"a":0,"k":0,"ix":6},"o":{"a":0,"k":100,"ix":7},"sk":{"a":0,"k":0,"ix":4},"sa":{"a":0,"k":0,"ix":5},"nm":"Transform"}],"nm":"Group 1","np":2,"cix":2,"ix":1,"mn":"ADBE Vector Group","hd":false},{"ty":"gr","it":[{"ind":0,"ty":"sh","ix":1,"ks":{"a":0,"k":{"i":[[0,-4.859],[4.61,-1.523],[0,4.859],[-3.506,0]],"o":[[0,4.859],[-4.767,1.573],[0,-4.859],[3.506,0]],"v":[[6.349,-1.206],[0.327,8.431],[-6.349,-1.206],[-0.001,-10.004]],"c":true},"ix":2},"nm":"Path 1","mn":"ADBE Vector Shape - Group","hd":false},{"ty":"fl","c":{"a":0,"k":[0.898000021542,0.905999995213,0.898000021542,1],"ix":4},"o":{"a":0,"k":100,"ix":5},"r":1,"nm":"Fill 1","mn":"ADBE Vector Graphic - Fill","hd":false},{"ty":"tr","p":{"a":0,"k":[43.978,64.682],"ix":2},"a":{"a":0,"k":[0,0],"ix":1},"s":{"a":0,"k":[100,100],"ix":3},"r":{"a":0,"k":0,"ix":6},"o":{"a":0,"k":100,"ix":7},"sk":{"a":0,"k":0,"ix":4},"sa":{"a":0,"k":0,"ix":5},"nm":"Transform"}],"nm":"Group 2","np":2,"cix":2,"ix":2,"mn":"ADBE Vector Group","hd":false},{"ty":"gr","it":[{"ind":0,"ty":"sh","ix":1,"ks":{"a":0,"k":{"i":[[-0.456,-4.768],[6.786,-0.192],[0.457,4.768],[-4.108,0.394]],"o":[[0.457,4.769],[-7.498,0.213],[-0.456,-4.768],[4.11,-0.393]],"v":[[7.44,-0.623],[0.827,8.724],[-7.44,0.803],[-0.827,-8.544]],"c":true},"ix":2},"nm":"Path 1","mn":"ADBE Vector Shape - Group","hd":false},{"ty":"fl","c":{"a":0,"k":[0.898000021542,0.905999995213,0.898000021542,1],"ix":4},"o":{"a":0,"k":100,"ix":5},"r":1,"nm":"Fill 1","mn":"ADBE Vector Graphic - Fill","hd":false},{"ty":"tr","p":{"a":0,"k":[30.048,68.349],"ix":2},"a":{"a":0,"k":[0,0],"ix":1},"s":{"a":0,"k":[100,100],"ix":3},"r":{"a":0,"k":0,"ix":6},"o":{"a":0,"k":100,"ix":7},"sk":{"a":0,"k":0,"ix":4},"sa":{"a":0,"k":0,"ix":5},"nm":"Transform"}],"nm":"Group 3","np":2,"cix":2,"ix":3,"mn":"ADBE Vector Group","hd":false},{"ty":"gr","it":[{"ind":0,"ty":"sh","ix":1,"ks":{"a":0,"k":{"i":[[0,0],[-14.163,-18.123],[11.985,12.27],[-14.426,10.152]],"o":[[0,0],[15.313,19.594],[-11.983,-12.269],[14.426,-10.153]],"v":[[11.366,-40.435],[16.407,13.303],[-19.736,29.758],[-7.88,-31.875]],"c":true},"ix":2},"nm":"Path 1","mn":"ADBE Vector Shape - Group","hd":false},{"ty":"fl","c":{"a":0,"k":[0.340999977261,0.438999998803,0.475,1],"ix":4},"o":{"a":0,"k":100,"ix":5},"r":1,"nm":"Fill 1","mn":"ADBE Vector Graphic - Fill","hd":false},{"ty":"tr","p":{"a":0,"k":[31.969,42.278],"ix":2},"a":{"a":0,"k":[0,0],"ix":1},"s":{"a":0,"k":[100,100],"ix":3},"r":{"a":0,"k":0,"ix":6},"o":{"a":0,"k":100,"ix":7},"sk":{"a":0,"k":0,"ix":4},"sa":{"a":0,"k":0,"ix":5},"nm":"Transform"}],"nm":"Group 4","np":2,"cix":2,"ix":4,"mn":"ADBE Vector Group","hd":false}],"ip":0,"op":713,"st":0,"bm":0},{"ddd":0,"ind":11,"ty":4,"nm":"tail Outlines","parent":7,"sr":1,"ks":{"o":{"a":0,"k":100,"ix":11},"r":{"a":1,"k":[{"i":{"x":[0.667],"y":[1]},"o":{"x":[0.333],"y":[0]},"n":["0p667_1_0p333_0"],"t":0,"s":[0],"e":[40]},{"i":{"x":[0.667],"y":[1]},"o":{"x":[0.333],"y":[0]},"n":["0p667_1_0p333_0"],"t":11,"s":[40],"e":[26]},{"i":{"x":[0.667],"y":[1]},"o":{"x":[0.333],"y":[0]},"n":["0p667_1_0p333_0"],"t":22,"s":[26],"e":[-14.833]},{"i":{"x":[0.667],"y":[1]},"o":{"x":[0.333],"y":[0]},"n":["0p667_1_0p333_0"],"t":23,"s":[-14.833],"e":[18.47]},{"i":{"x":[0.667],"y":[1]},"o":{"x":[0.333],"y":[0]},"n":["0p667_1_0p333_0"],"t":33,"s":[18.47],"e":[7]},{"i":{"x":[0.667],"y":[1]},"o":{"x":[0.333],"y":[0]},"n":["0p667_1_0p333_0"],"t":34,"s":[7],"e":[21]},{"t":48}],"ix":10},"p":{"a":1,"k":[{"i":{"x":0.667,"y":1},"o":{"x":0.333,"y":0},"n":"0p667_1_0p333_0","t":0,"s":[-21.578,87.904,0],"e":[-11.578,87.904,0],"to":[1.66666662693024,0,0],"ti":[0,-2.60005164146423,0]},{"i":{"x":0.667,"y":1},"o":{"x":0.333,"y":0},"n":"0p667_1_0p333_0","t":11,"s":[-11.578,87.904,0],"e":[-21.578,103.505,0],"to":[0,2.60005164146423,0],"ti":[0,0,0]},{"i":{"x":0.667,"y":1},"o":{"x":0.333,"y":0},"n":"0p667_1_0p333_0","t":23,"s":[-21.578,103.505,0],"e":[-21.578,111.904,0],"to":[0,0,0],"ti":[0,0,0]},{"i":{"x":0.667,"y":1},"o":{"x":0.333,"y":0},"n":"0p667_1_0p333_0","t":33,"s":[-21.578,111.904,0],"e":[-21.578,125.904,0],"to":[0,7.33333349227905,0],"ti":[-1,-3.33333325386047,0]},{"i":{"x":0.667,"y":1},"o":{"x":0.333,"y":0},"n":"0p667_1_0p333_0","t":34,"s":[-21.578,125.904,0],"e":[-15.578,131.904,0],"to":[1,3.33333325386047,0],"ti":[2,1,0]},{"i":{"x":0.667,"y":1},"o":{"x":0.333,"y":0},"n":"0p667_1_0p333_0","t":48,"s":[-15.578,131.904,0],"e":[-33.578,119.904,0],"to":[-2,-1,0],"ti":[1.66666662693024,1.33333337306976,0]},{"i":{"x":0.667,"y":1},"o":{"x":0.333,"y":0},"n":"0p667_1_0p333_0","t":50,"s":[-33.578,119.904,0],"e":[-25.578,123.904,0],"to":[-1.66666662693024,-1.33333337306976,0],"ti":[-1.33333337306976,-0.66666668653488,0]},{"t":56}],"ix":2},"a":{"a":0,"k":[57.745,26.985,0],"ix":1},"s":{"a":1,"k":[{"i":{"x":[0.667,0.667,0.667],"y":[1,1,1]},"o":{"x":[0.333,0.333,0.333],"y":[0,0,0]},"n":["0p667_1_0p333_0","0p667_1_0p333_0","0p667_1_0p333_0"],"t":46,"s":[100,100,100],"e":[131.459,100,100]},{"i":{"x":[0.667,0.667,0.667],"y":[1,1,1]},"o":{"x":[0.333,0.333,0.333],"y":[0,0,0]},"n":["0p667_1_0p333_0","0p667_1_0p333_0","0p667_1_0p333_0"],"t":50,"s":[131.459,100,100],"e":[131.459,100,100]},{"i":{"x":[0.667,0.667,0.667],"y":[1,1,1]},"o":{"x":[0.333,0.333,0.333],"y":[0,0,0]},"n":["0p667_1_0p333_0","0p667_1_0p333_0","0p667_1_0p333_0"],"t":52,"s":[131.459,100,100],"e":[100,100,100]},{"t":56}],"ix":6}},"ao":0,"shapes":[{"ty":"gr","it":[{"ind":0,"ty":"sh","ix":1,"ks":{"a":0,"k":{"i":[[0,0],[9.702,5.564],[13.411,1.57],[6.991,-0.428],[5.421,3.424],[-3.034,-3.678],[-4.907,0.301],[0,0],[-9.702,-5.564],[0,0],[-0.792,-0.314]],"o":[[0,0],[-9.701,-5.564],[0,0],[-6.99,0.428],[0,0],[8.596,-1.609],[6.991,-0.428],[13.411,1.57],[9.701,5.564],[0,0],[11.594,-6.532]],"v":[[47.11,9.76],[20.288,9.76],[-5.82,-11.213],[-22.513,-22.482],[-56.325,-16.063],[-51.915,-8.264],[-26.413,-14.896],[-9.721,-3.626],[16.388,17.347],[43.209,17.347],[44.731,17.778]],"c":true},"ix":2},"nm":"Path 1","mn":"ADBE Vector Shape - Group","hd":false},{"ty":"fl","c":{"a":0,"k":[0.313999998803,0.419999994016,0.447000002394,1],"ix":4},"o":{"a":0,"k":100,"ix":5},"r":1,"nm":"Fill 1","mn":"ADBE Vector Graphic - Fill","hd":false},{"ty":"tr","p":{"a":0,"k":[56.581,23.161],"ix":2},"a":{"a":0,"k":[0,0],"ix":1},"s":{"a":0,"k":[100,100],"ix":3},"r":{"a":0,"k":0,"ix":6},"o":{"a":0,"k":100,"ix":7},"sk":{"a":0,"k":0,"ix":4},"sa":{"a":0,"k":0,"ix":5},"nm":"Transform"}],"nm":"Group 1","np":2,"cix":2,"ix":1,"mn":"ADBE Vector Group","hd":false},{"ty":"gr","it":[{"ind":0,"ty":"sh","ix":1,"ks":{"a":0,"k":{"i":[[0,0],[9.701,5.564],[13.41,1.57],[6.991,-0.428],[5.421,3.424],[-10.13,-0.571],[3.138,0.999],[-14.41,0],[-3.71,-5.279],[-22.329,10.241]],"o":[[0,0],[-9.701,-5.564],[0,0],[-6.99,0.428],[0,0],[10.129,0.57],[0,0],[14.41,0],[3.709,5.278],[18.975,-8.704]],"v":[[45.939,5.936],[19.117,5.936],[-6.991,-15.037],[-23.684,-26.307],[-57.495,-19.887],[-43.086,-6.476],[-45.797,-2.339],[-24.396,10.787],[-3.139,3.939],[38.52,16.494]],"c":true},"ix":2},"nm":"Path 1","mn":"ADBE Vector Shape - Group","hd":false},{"ty":"fl","c":{"a":0,"k":[0.305999995213,0.388000009574,0.416000007181,1],"ix":4},"o":{"a":0,"k":100,"ix":5},"r":1,"nm":"Fill 1","mn":"ADBE Vector Graphic - Fill","hd":false},{"ty":"tr","p":{"a":0,"k":[57.745,26.985],"ix":2},"a":{"a":0,"k":[0,0],"ix":1},"s":{"a":0,"k":[100,100],"ix":3},"r":{"a":0,"k":0,"ix":6},"o":{"a":0,"k":100,"ix":7},"sk":{"a":0,"k":0,"ix":4},"sa":{"a":0,"k":0,"ix":5},"nm":"Transform"}],"nm":"Group 2","np":2,"cix":2,"ix":2,"mn":"ADBE Vector Group","hd":false}],"ip":0,"op":713,"st":0,"bm":0}],"markers":[]}