{"v":"5.7.4","fr":30,"ip":0,"op":45,"w":500,"h":500,"nm":"Comp 1","ddd":0,"assets":[{"id":"comp_0","layers":[{"ddd":0,"ind":1,"ty":4,"nm":"Layer 2 Outlines","sr":1,"ks":{"o":{"a":0,"k":100,"ix":11},"r":{"a":1,"k":[{"i":{"x":[0.667],"y":[1]},"o":{"x":[1],"y":[0]},"t":0,"s":[-30]},{"i":{"x":[0],"y":[1]},"o":{"x":[0.333],"y":[0]},"t":13,"s":[15]},{"t":18,"s":[0]}],"ix":10},"p":{"a":1,"k":[{"i":{"x":0,"y":1},"o":{"x":0.39,"y":0},"t":0,"s":[410,346,0],"to":[0,31.833,0],"ti":[0,-31.833,0]},{"t":18,"s":[410,537,0]}],"ix":2,"l":2},"a":{"a":0,"k":[266,393,0],"ix":1,"l":2},"s":{"a":1,"k":[{"i":{"x":[0.667,0.667,0.667],"y":[1,1,1]},"o":{"x":[0.333,0.333,0.333],"y":[0,0,0]},"t":0,"s":[0,0,100]},{"i":{"x":[0.667,0.667,0.667],"y":[1,1,1]},"o":{"x":[0.333,0.333,0.333],"y":[0,0,0]},"t":13,"s":[140,140,100]},{"t":18,"s":[100,100,100]}],"ix":6,"l":2}},"ao":0,"shapes":[{"ty":"gr","it":[{"ind":0,"ty":"sh","ix":1,"ks":{"a":0,"k":{"i":[[-9.831,-4.841],[4.723,0],[0,16.423],[0,0],[-16.423,0],[-3.965,-1.961],[0,-11.686],[0,0]],"o":[[-3.964,1.961],[-16.423,0],[0,0],[0,-16.409],[4.723,0],[-9.831,4.855],[0,0],[0,11.701]],"v":[[21.435,26.795],[8.293,29.854],[-21.435,0.126],[-21.435,-0.127],[8.293,-29.855],[21.435,-26.796],[4.833,-0.127],[4.833,0.126]],"c":true},"ix":2},"nm":"Path 1","mn":"ADBE Vector Shape - Group","hd":false},{"ty":"fl","c":{"a":0,"k":[0,0.403921598547,0.772549079446,1],"ix":4},"o":{"a":0,"k":100,"ix":5},"r":1,"bm":0,"nm":"Fill 1","mn":"ADBE Vector Graphic - Fill","hd":false},{"ty":"tr","p":{"a":0,"k":[259.588,389.482],"ix":2},"a":{"a":0,"k":[0,0],"ix":1},"s":{"a":0,"k":[100,100],"ix":3},"r":{"a":0,"k":0,"ix":6},"o":{"a":0,"k":100,"ix":7},"sk":{"a":0,"k":0,"ix":4},"sa":{"a":0,"k":0,"ix":5},"nm":"Transform"}],"nm":"Group 1","np":2,"cix":2,"bm":0,"ix":1,"mn":"ADBE Vector Group","hd":false},{"ty":"gr","it":[{"ind":0,"ty":"sh","ix":1,"ks":{"a":0,"k":{"i":[[20.685,-7.322],[0,-29.343],[0,0],[-9.83,-4.841],[4.722,0],[0,16.424],[0,0],[-27.516,9.726],[1.605,21.977],[19.35,5.42],[-5.658,-0.371],[-1.752,-24.07]],"o":[[-27.501,9.726],[0,0],[0,11.702],[-3.964,1.96],[-16.424,0],[0,0],[0,-29.343],[20.686,-7.321],[-1.5,-20.671],[5.213,-1.47],[24.086,1.575],[1.603,21.977]],"v":[[19.118,-6.282],[-26.871,59.041],[-26.871,71.647],[-10.269,98.318],[-23.41,101.377],[-53.138,71.647],[-53.138,59.041],[-7.15,-6.282],[25.251,-56.027],[-10.18,-99.299],[6.214,-101.006],[51.535,-56.027]],"c":true},"ix":2},"nm":"Path 1","mn":"ADBE Vector Shape - Group","hd":false},{"ty":"fl","c":{"a":0,"k":[0,0.403921598547,0.772549079446,1],"ix":4},"o":{"a":0,"k":100,"ix":5},"r":1,"bm":0,"nm":"Fill 1","mn":"ADBE Vector Graphic - Fill","hd":false},{"ty":"tr","p":{"a":0,"k":[291.293,229.501],"ix":2},"a":{"a":0,"k":[0,0],"ix":1},"s":{"a":0,"k":[100,100],"ix":3},"r":{"a":0,"k":0,"ix":6},"o":{"a":0,"k":100,"ix":7},"sk":{"a":0,"k":0,"ix":4},"sa":{"a":0,"k":0,"ix":5},"nm":"Transform"}],"nm":"Group 2","np":2,"cix":2,"bm":0,"ix":2,"mn":"ADBE Vector Group","hd":false},{"ty":"gr","it":[{"ind":0,"ty":"sh","ix":1,"ks":{"a":0,"k":{"i":[[6.846,-49.032],[0,-5.034],[-9.831,-4.841],[4.722,0],[0,16.423],[-0.698,4.96],[-56.383,-3.698],[-1.99,-0.253]],"o":[[-0.698,4.96],[0,11.701],[-3.964,1.96],[-16.41,0],[0,-5.034],[7.782,-55.834],[2.019,0.134],[-47.741,5.88]],"v":[[-33.434,25.943],[-34.474,41.001],[-17.887,67.67],[-31.028,70.729],[-60.757,41.001],[-59.703,25.943],[54.742,-67.031],[60.757,-66.45]],"c":true},"ix":2},"nm":"Path 1","mn":"ADBE Vector Shape - Group","hd":false},{"ty":"fl","c":{"a":0,"k":[0,0.403921598547,0.772549079446,1],"ix":4},"o":{"a":0,"k":100,"ix":5},"r":1,"bm":0,"nm":"Fill 1","mn":"ADBE Vector Graphic - Fill","hd":false},{"ty":"tr","p":{"a":0,"k":[220.37,136.185],"ix":2},"a":{"a":0,"k":[0,0],"ix":1},"s":{"a":0,"k":[100,100],"ix":3},"r":{"a":0,"k":0,"ix":6},"o":{"a":0,"k":100,"ix":7},"sk":{"a":0,"k":0,"ix":4},"sa":{"a":0,"k":0,"ix":5},"nm":"Transform"}],"nm":"Group 3","np":2,"cix":2,"bm":0,"ix":3,"mn":"ADBE Vector Group","hd":false},{"ty":"gr","it":[{"ind":0,"ty":"sh","ix":1,"ks":{"a":0,"k":{"i":[[16.419,0],[0,16.418],[0,0],[-16.419,0],[0,-16.419],[0,0]],"o":[[-16.419,0],[0,0],[0,-16.419],[16.419,0],[0,0],[0,16.418]],"v":[[0,29.852],[-29.729,0.123],[-29.729,-0.122],[0,-29.853],[29.729,-0.122],[29.729,0.123]],"c":true},"ix":2},"nm":"Path 1","mn":"ADBE Vector Shape - Group","hd":false},{"ty":"fl","c":{"a":0,"k":[0.019607843137,0.450980422076,0.807843197093,1],"ix":4},"o":{"a":0,"k":100,"ix":5},"r":1,"bm":0,"nm":"Fill 1","mn":"ADBE Vector Graphic - Fill","hd":false},{"ty":"tr","p":{"a":0,"k":[267.877,389.487],"ix":2},"a":{"a":0,"k":[0,0],"ix":1},"s":{"a":0,"k":[100,100],"ix":3},"r":{"a":0,"k":0,"ix":6},"o":{"a":0,"k":100,"ix":7},"sk":{"a":0,"k":0,"ix":4},"sa":{"a":0,"k":0,"ix":5},"nm":"Transform"}],"nm":"Group 4","np":2,"cix":2,"bm":0,"ix":4,"mn":"ADBE Vector Group","hd":false},{"ty":"gr","it":[{"ind":0,"ty":"sh","ix":1,"ks":{"a":0,"k":{"i":[[16.419,0],[0,16.418],[0,0],[-27.504,9.724],[1.604,21.978],[24.083,1.577],[3.506,-25.136],[0,-2.294],[16.419,0],[0,16.419],[-0.692,4.96],[-56.388,-3.7],[-3.899,-53.498],[45.877,-16.222],[0,-4.197],[0,0]],"o":[[-16.419,0],[0,0],[0,-29.344],[20.687,-7.315],[-1.755,-24.066],[-25.474,-1.683],[-0.314,2.247],[0,16.419],[-16.419,0],[0,-5.033],[7.79,-55.823],[53.532,3.506],[3.544,48.623],[-3.794,1.342],[0,0],[-0.001,16.418]],"v":[[-1.626,132.71],[-31.355,102.982],[-31.355,90.371],[14.626,25.053],[47.042,-24.698],[1.719,-69.677],[-49.958,-27.827],[-50.43,-20.983],[-80.16,8.746],[-109.889,-20.983],[-108.846,-36.044],[5.604,-129.01],[106.344,-29.021],[34.447,81.111],[28.103,90.371],[28.103,102.982]],"c":true},"ix":2},"nm":"Path 1","mn":"ADBE Vector Shape - Group","hd":false},{"ty":"fl","c":{"a":0,"k":[0.019607843137,0.450980422076,0.807843197093,1],"ix":4},"o":{"a":0,"k":100,"ix":5},"r":1,"bm":0,"nm":"Fill 1","mn":"ADBE Vector Graphic - Fill","hd":false},{"ty":"tr","p":{"a":0,"k":[269.504,198.169],"ix":2},"a":{"a":0,"k":[0,0],"ix":1},"s":{"a":0,"k":[100,100],"ix":3},"r":{"a":0,"k":0,"ix":6},"o":{"a":0,"k":100,"ix":7},"sk":{"a":0,"k":0,"ix":4},"sa":{"a":0,"k":0,"ix":5},"nm":"Transform"}],"nm":"Group 5","np":2,"cix":2,"bm":0,"ix":5,"mn":"ADBE Vector Group","hd":false}],"ip":0,"op":60,"st":0,"bm":0},{"ddd":0,"ind":2,"ty":4,"nm":"Layer 3 Outlines","sr":1,"ks":{"o":{"a":0,"k":100,"ix":11},"r":{"a":1,"k":[{"i":{"x":[0.667],"y":[1]},"o":{"x":[1],"y":[0]},"t":7,"s":[-30]},{"i":{"x":[0],"y":[1]},"o":{"x":[0.333],"y":[0]},"t":18,"s":[13]},{"t":23,"s":[0]}],"ix":10},"p":{"a":1,"k":[{"i":{"x":0.015,"y":0.965},"o":{"x":0.405,"y":0},"t":6,"s":[410,346,0],"to":[0,31.766,0],"ti":[0,-32.166,0]},{"t":24,"s":[499,536.798,0]}],"ix":2,"l":2},"a":{"a":0,"k":[357.132,416,0],"ix":1,"l":2},"s":{"a":1,"k":[{"i":{"x":[0.667,0.667,0.667],"y":[1,1,1]},"o":{"x":[0.333,0.333,0.333],"y":[0,0,0]},"t":7,"s":[0,0,100]},{"i":{"x":[0.667,0.667,0.667],"y":[1,1,1]},"o":{"x":[0.333,0.333,0.333],"y":[0,0,0]},"t":18,"s":[120,120,100]},{"t":23,"s":[100,100,100]}],"ix":6,"l":2}},"ao":0,"shapes":[{"ty":"gr","it":[{"ind":0,"ty":"sh","ix":1,"ks":{"a":0,"k":{"i":[[-7.341,-6.431],[4.062,1.089],[-3.786,14.129],[0,0],[-14.129,-3.786],[-2.959,-2.6],[2.695,-10.054],[0,0]],"o":[[-3.863,0.772],[-14.13,-3.786],[0,0],[3.783,-14.117],[4.063,1.089],[-9.577,1.912],[0,0],[-2.696,10.067]],"v":[[11.083,27.391],[-0.928,26.992],[-19.651,-5.436],[-19.593,-5.654],[12.836,-24.376],[23.437,-18.715],[3.005,0.402],[2.947,0.62]],"c":true},"ix":2},"nm":"Path 1","mn":"ADBE Vector Shape - Group","hd":false},{"ty":"fl","c":{"a":0,"k":[0.243137269862,0.764705942191,0.643137254902,1],"ix":4},"o":{"a":0,"k":100,"ix":5},"r":1,"bm":0,"nm":"Fill 1","mn":"ADBE Vector Graphic - Fill","hd":false},{"ty":"tr","p":{"a":0,"k":[351.782,415.174],"ix":2},"a":{"a":0,"k":[0,0],"ix":1},"s":{"a":0,"k":[100,100],"ix":3},"r":{"a":0,"k":0,"ix":6},"o":{"a":0,"k":100,"ix":7},"sk":{"a":0,"k":0,"ix":4},"sa":{"a":0,"k":0,"ix":5},"nm":"Transform"}],"nm":"Group 1","np":2,"cix":2,"bm":0,"ix":1,"mn":"ADBE Vector Group","hd":false},{"ty":"gr","it":[{"ind":0,"ty":"sh","ix":1,"ks":{"a":0,"k":{"i":[[19.484,-1.529],[6.764,-25.244],[0,0],[-7.341,-6.43],[4.062,1.089],[-3.786,14.13],[0,0],[-25.915,2.024],[-3.686,19.277],[15.397,9.123],[-4.782,-1.624],[4.042,-21.113]],"o":[[-25.902,2.028],[0,0],[-2.697,10.067],[-3.863,0.773],[-14.13,-3.786],[0,0],[6.765,-25.245],[19.484,-1.53],[3.475,-18.129],[4.823,-0.063],[20.359,6.906],[-3.686,19.278]],"v":[[20.259,1.427],[-34.365,47.024],[-37.272,57.87],[-29.137,84.641],[-41.148,84.244],[-59.871,51.814],[-56.965,40.968],[-2.341,-4.629],[37.003,-39.957],[16.496,-85.352],[30.994,-83.042],[59.615,-33.898]],"c":true},"ix":2},"nm":"Path 1","mn":"ADBE Vector Shape - Group","hd":false},{"ty":"fl","c":{"a":0,"k":[0.243137269862,0.764705942191,0.643137254902,1],"ix":4},"o":{"a":0,"k":100,"ix":5},"r":1,"bm":0,"nm":"Fill 1","mn":"ADBE Vector Graphic - Fill","hd":false},{"ty":"tr","p":{"a":0,"k":[412.395,281.819],"ix":2},"a":{"a":0,"k":[0,0],"ix":1},"s":{"a":0,"k":[100,100],"ix":3},"r":{"a":0,"k":0,"ix":6},"o":{"a":0,"k":100,"ix":7},"sk":{"a":0,"k":0,"ix":4},"sa":{"a":0,"k":0,"ix":5},"nm":"Transform"}],"nm":"Group 2","np":2,"cix":2,"bm":0,"ix":2,"mn":"ADBE Vector Group","hd":false},{"ty":"gr","it":[{"ind":0,"ty":"sh","ix":1,"ks":{"a":0,"k":{"i":[[17.193,-40.606],[1.16,-4.331],[-7.341,-6.432],[4.062,1.089],[-3.786,14.13],[-1.744,4.105],[-47.656,-16.18],[-1.653,-0.676]],"o":[[-1.743,4.106],[-2.697,10.067],[-3.863,0.772],[-14.117,-3.783],[1.16,-4.332],[19.566,-46.242],[1.707,0.58],[-42.43,-5.946]],"v":[[-35.786,17.791],[-40.151,30.507],[-32.029,57.275],[-44.04,56.877],[-62.763,24.447],[-58.385,11.736],[61.508,-41.868],[66.549,-39.984]],"c":true},"ix":2},"nm":"Path 1","mn":"ADBE Vector Shape - Group","hd":false},{"ty":"fl","c":{"a":0,"k":[0.243137269862,0.764705942191,0.643137254902,1],"ix":4},"o":{"a":0,"k":100,"ix":5},"r":1,"bm":0,"nm":"Fill 1","mn":"ADBE Vector Graphic - Fill","hd":false},{"ty":"tr","p":{"a":0,"k":[376.296,184.433],"ix":2},"a":{"a":0,"k":[0,0],"ix":1},"s":{"a":0,"k":[100,100],"ix":3},"r":{"a":0,"k":0,"ix":6},"o":{"a":0,"k":100,"ix":7},"sk":{"a":0,"k":0,"ix":4},"sa":{"a":0,"k":0,"ix":5},"nm":"Transform"}],"nm":"Group 3","np":2,"cix":2,"bm":0,"ix":3,"mn":"ADBE Vector Group","hd":false},{"ty":"gr","it":[{"ind":0,"ty":"sh","ix":1,"ks":{"a":0,"k":{"i":[[14.126,3.785],[-3.785,14.125],[0,0],[-14.125,-3.785],[3.785,-14.125],[0,0]],"o":[[-14.125,-3.785],[0,0],[3.785,-14.125],[14.125,3.785],[0,0],[-3.785,14.126]],"v":[[-6.882,25.683],[-25.606,-6.747],[-25.549,-6.96],[6.881,-25.683],[25.605,6.747],[25.548,6.959]],"c":true},"ix":2},"nm":"Path 1","mn":"ADBE Vector Shape - Group","hd":false},{"ty":"fl","c":{"a":0,"k":[0.435294147566,0.84313731474,0.639215686275,1],"ix":4},"o":{"a":0,"k":100,"ix":5},"r":1,"bm":0,"nm":"Fill 1","mn":"ADBE Vector Graphic - Fill","hd":false},{"ty":"tr","p":{"a":0,"k":[357.731,416.485],"ix":2},"a":{"a":0,"k":[0,0],"ix":1},"s":{"a":0,"k":[100,100],"ix":3},"r":{"a":0,"k":0,"ix":6},"o":{"a":0,"k":100,"ix":7},"sk":{"a":0,"k":0,"ix":4},"sa":{"a":0,"k":0,"ix":5},"nm":"Transform"}],"nm":"Group 4","np":2,"cix":2,"bm":0,"ix":4,"mn":"ADBE Vector Group","hd":false},{"ty":"gr","it":[{"ind":0,"ty":"sh","ix":1,"ks":{"a":0,"k":{"i":[[14.125,3.785],[-3.785,14.125],[0,0],[-25.904,2.025],[-3.687,19.278],[20.356,6.908],[8.813,-20.817],[0.528,-1.974],[14.126,3.785],[-3.785,14.125],[-1.74,4.108],[-47.659,-16.184],[8.977,-46.924],[43.208,-3.381],[0.967,-3.61],[0,0]],"o":[[-14.125,-3.785],[0,0],[6.764,-25.246],[19.485,-1.524],[4.039,-21.109],[-21.528,-7.321],[-0.787,1.86],[-3.785,14.125],[-14.125,-3.785],[1.16,-4.331],[19.57,-46.23],[45.247,15.357],[-8.16,42.649],[-3.574,0.279],[0,0],[-3.786,14.124]],"v":[[-38.829,117.948],[-57.553,85.518],[-54.645,74.669],[-0.028,29.074],[39.329,-6.255],[10.706,-55.401],[-43.401,-31.309],[-45.384,-25.53],[-77.815,-6.805],[-96.538,-39.236],[-92.168,-51.952],[27.727,-105.548],[91.346,3.698],[4.102,81.874],[-3.49,88.376],[-6.398,99.225]],"c":true},"ix":2},"nm":"Path 1","mn":"ADBE Vector Shape - Group","hd":false},{"ty":"fl","c":{"a":0,"k":[0.435294147566,0.84313731474,0.639215686275,1],"ix":4},"o":{"a":0,"k":100,"ix":5},"r":1,"bm":0,"nm":"Fill 1","mn":"ADBE Vector Graphic - Fill","hd":false},{"ty":"tr","p":{"a":0,"k":[410.071,248.117],"ix":2},"a":{"a":0,"k":[0,0],"ix":1},"s":{"a":0,"k":[100,100],"ix":3},"r":{"a":0,"k":0,"ix":6},"o":{"a":0,"k":100,"ix":7},"sk":{"a":0,"k":0,"ix":4},"sa":{"a":0,"k":0,"ix":5},"nm":"Transform"}],"nm":"Group 5","np":2,"cix":2,"bm":0,"ix":5,"mn":"ADBE Vector Group","hd":false}],"ip":0,"op":60,"st":0,"bm":0},{"ddd":0,"ind":3,"ty":4,"nm":"Layer 4 Outlines","sr":1,"ks":{"o":{"a":0,"k":100,"ix":11},"r":{"a":1,"k":[{"i":{"x":[0.667],"y":[1]},"o":{"x":[1],"y":[0]},"t":2,"s":[-30]},{"i":{"x":[0],"y":[1]},"o":{"x":[0.333],"y":[0]},"t":12,"s":[15]},{"t":17,"s":[0]}],"ix":10},"p":{"a":1,"k":[{"i":{"x":0,"y":1},"o":{"x":0.39,"y":0},"t":5,"s":[328,346,0],"to":[0,31.833,0],"ti":[0,-31.833,0]},{"t":23,"s":[328,537,0]}],"ix":2,"l":2},"a":{"a":0,"k":[179.019,417.509,0],"ix":1,"l":2},"s":{"a":1,"k":[{"i":{"x":[0.667,0.667,0.667],"y":[1,1,1]},"o":{"x":[0.333,0.333,0.333],"y":[0,0,0]},"t":2,"s":[0,0,100]},{"i":{"x":[0.667,0.667,0.667],"y":[1,1,1]},"o":{"x":[0.333,0.333,0.333],"y":[0,0,0]},"t":12,"s":[120,120,100]},{"t":17,"s":[100,100,100]}],"ix":6,"l":2}},"ao":0,"shapes":[{"ty":"gr","it":[{"ind":0,"ty":"sh","ix":1,"ks":{"a":0,"k":{"i":[[-9.749,-0.452],[3.854,-1.682],[5.847,13.408],[0,0],[-13.408,5.848],[-3.935,-0.189],[-4.161,-9.541],[0,0]],"o":[[-2.539,3.012],[-13.408,5.848],[0,0],[-5.843,-13.396],[3.855,-1.681],[-6.297,7.465],[0,0],[4.167,9.552]],"v":[[25.214,15.458],[15.575,22.635],[-19.281,8.95],[-19.371,8.743],[-5.686,-26.113],[6.132,-28.294],[2.074,-0.609],[2.164,-0.403]],"c":true},"ix":2},"nm":"Path 1","mn":"ADBE Vector Shape - Group","hd":false},{"ty":"fl","c":{"a":0,"k":[1,0.764705942191,0.266666666667,1],"ix":4},"o":{"a":0,"k":100,"ix":5},"r":1,"bm":0,"nm":"Fill 1","mn":"ADBE Vector Graphic - Fill","hd":false},{"ty":"tr","p":{"a":0,"k":[175.955,418.224],"ix":2},"a":{"a":0,"k":[0,0],"ix":1},"s":{"a":0,"k":[100,100],"ix":3},"r":{"a":0,"k":0,"ix":6},"o":{"a":0,"k":100,"ix":7},"sk":{"a":0,"k":0,"ix":4},"sa":{"a":0,"k":0,"ix":5},"nm":"Transform"}],"nm":"Group 1","np":2,"cix":2,"bm":0,"ix":1,"mn":"ADBE Vector Group","hd":false},{"ty":"gr","it":[{"ind":0,"ty":"sh","ix":1,"ks":{"a":0,"k":{"i":[[14.282,-13.341],[-10.449,-23.956],[0,0],[-9.75,-0.452],[3.855,-1.682],[5.848,13.408],[0,0],[-19.001,17.738],[9.134,17.371],[17.725,-2.464],[-4.751,1.71],[-10.001,-19.028]],"o":[[-18.989,17.733],[0,0],[4.166,9.554],[-2.539,3.012],[-13.408,5.848],[0,0],[-10.448,-23.956],[14.281,-13.343],[-8.585,-16.342],[3.731,-3.056],[20.224,-7.291],[9.134,17.371]],"v":[[19.576,-14.427],[5.289,55.278],[9.777,65.57],[32.828,81.432],[23.188,88.609],[-11.667,74.924],[-16.156,64.632],[-1.87,-5.073],[6.87,-57.223],[-37.463,-79.935],[-24.688,-87.166],[28.328,-66.582]],"c":true},"ix":2},"nm":"Path 1","mn":"ADBE Vector Shape - Group","hd":false},{"ty":"fl","c":{"a":0,"k":[1,0.764705942191,0.266666666667,1],"ix":4},"o":{"a":0,"k":100,"ix":5},"r":1,"bm":0,"nm":"Fill 1","mn":"ADBE Vector Graphic - Fill","hd":false},{"ty":"tr","p":{"a":0,"k":[136.844,280.031],"ix":2},"a":{"a":0,"k":[0,0],"ix":1},"s":{"a":0,"k":[100,100],"ix":3},"r":{"a":0,"k":0,"ix":6},"o":{"a":0,"k":100,"ix":7},"sk":{"a":0,"k":0,"ix":4},"sa":{"a":0,"k":0,"ix":5},"nm":"Transform"}],"nm":"Group 2","np":2,"cix":2,"bm":0,"ix":2,"mn":"ADBE Vector Group","hd":false},{"ty":"gr","it":[{"ind":0,"ty":"sh","ix":1,"ks":{"a":0,"k":{"i":[[-11.87,-42.468],[-1.793,-4.11],[-9.75,-0.451],[3.855,-1.681],[5.848,13.408],[1.197,4.297],[-47.348,17.057],[-1.714,0.503]],"o":[[1.196,4.298],[4.166,9.552],[-2.539,3.012],[-13.396,5.843],[-1.792,-4.11],[-13.528,-48.354],[1.696,-0.61],[-36.882,21.801]],"v":[[-5.068,33.709],[-0.555,46.372],[22.483,62.239],[12.843,69.416],[-22.013,55.731],[-26.514,43.063],[33.815,-73.59],[38.931,-75.26]],"c":true},"ix":2},"nm":"Path 1","mn":"ADBE Vector Shape - Group","hd":false},{"ty":"fl","c":{"a":0,"k":[1,0.764705942191,0.266666666667,1],"ix":4},"o":{"a":0,"k":100,"ix":5},"r":1,"bm":0,"nm":"Fill 1","mn":"ADBE Vector Graphic - Fill","hd":false},{"ty":"tr","p":{"a":0,"k":[38.931,225.984],"ix":2},"a":{"a":0,"k":[0,0],"ix":1},"s":{"a":0,"k":[100,100],"ix":3},"r":{"a":0,"k":0,"ix":6},"o":{"a":0,"k":100,"ix":7},"sk":{"a":0,"k":0,"ix":4},"sa":{"a":0,"k":0,"ix":5},"nm":"Transform"}],"nm":"Group 3","np":4,"cix":2,"bm":0,"ix":3,"mn":"ADBE Vector Group","hd":false},{"ty":"gr","it":[{"ind":0,"ty":"sh","ix":1,"ks":{"a":0,"k":{"i":[[13.404,-5.846],[5.846,13.405],[0,0],[-13.405,5.846],[-5.846,-13.405],[0,0]],"o":[[-13.404,5.846],[0,0],[-5.846,-13.404],[13.404,-5.846],[0,0],[5.846,13.405]],"v":[[10.63,24.372],[-24.228,10.686],[-24.316,10.485],[-10.63,-24.372],[24.227,-10.686],[24.315,-10.485]],"c":true},"ix":2},"nm":"Path 1","mn":"ADBE Vector Shape - Group","hd":false},{"ty":"fl","c":{"a":0,"k":[1,0.819607902976,0.356862745098,1],"ix":4},"o":{"a":0,"k":100,"ix":5},"r":1,"bm":0,"nm":"Fill 1","mn":"ADBE Vector Graphic - Fill","hd":false},{"ty":"tr","p":{"a":0,"k":[180.897,416.49],"ix":2},"a":{"a":0,"k":[0,0],"ix":1},"s":{"a":0,"k":[100,100],"ix":3},"r":{"a":0,"k":0,"ix":6},"o":{"a":0,"k":100,"ix":7},"sk":{"a":0,"k":0,"ix":4},"sa":{"a":0,"k":0,"ix":5},"nm":"Transform"}],"nm":"Group 4","np":2,"cix":2,"bm":0,"ix":4,"mn":"ADBE Vector Group","hd":false},{"ty":"gr","it":[{"ind":0,"ty":"sh","ix":1,"ks":{"a":0,"k":{"i":[[13.405,-5.846],[5.846,13.405],[0,0],[-18.991,17.732],[9.134,17.372],[20.223,-7.288],[-6.088,-21.769],[-0.817,-1.873],[13.405,-5.846],[5.846,13.405],[1.201,4.297],[-47.354,17.057],[-22.231,-42.288],[31.678,-29.578],[-1.494,-3.427],[0,0]],"o":[[-13.404,5.846],[0,0],[-10.449,-23.957],[14.285,-13.339],[-10.002,-19.023],[-21.397,7.696],[0.544,1.946],[5.846,13.404],[-13.404,5.846],[-1.793,-4.109],[-13.517,-48.347],[44.952,-16.199],[20.207,38.434],[-2.621,2.446],[0,0],[5.848,13.405]],"v":[[54.632,113.299],[19.775,99.614],[15.285,89.319],[29.567,19.62],[38.317,-32.539],[-14.701,-53.124],[-41.989,-0.556],[-39.938,5.2],[-53.624,40.057],[-88.481,26.37],[-92.992,13.703],[-32.656,-102.947],[85.191,-57.184],[65.708,58.328],[63.825,68.146],[68.316,78.441]],"c":true},"ix":2},"nm":"Path 1","mn":"ADBE Vector Shape - Group","hd":false},{"ty":"fl","c":{"a":0,"k":[1,0.819607902976,0.356862745098,1],"ix":4},"o":{"a":0,"k":100,"ix":5},"r":1,"bm":0,"nm":"Fill 1","mn":"ADBE Vector Graphic - Fill","hd":false},{"ty":"tr","p":{"a":0,"k":[105.398,255.344],"ix":2},"a":{"a":0,"k":[0,0],"ix":1},"s":{"a":0,"k":[100,100],"ix":3},"r":{"a":0,"k":0,"ix":6},"o":{"a":0,"k":100,"ix":7},"sk":{"a":0,"k":0,"ix":4},"sa":{"a":0,"k":0,"ix":5},"nm":"Transform"}],"nm":"Group 5","np":4,"cix":2,"bm":0,"ix":5,"mn":"ADBE Vector Group","hd":false}],"ip":0,"op":60,"st":0,"bm":0}]}],"layers":[{"ddd":0,"ind":1,"ty":0,"nm":"question-mark","refId":"comp_0","sr":1,"ks":{"o":{"a":0,"k":100,"ix":11},"r":{"a":0,"k":0,"ix":10},"p":{"a":0,"k":[241,259,0],"ix":2,"l":2},"a":{"a":0,"k":[400,400,0],"ix":1,"l":2},"s":{"a":0,"k":[80,80,100],"ix":6,"l":2}},"ao":0,"w":800,"h":800,"ip":0,"op":60,"st":0,"bm":0}],"markers":[]}